[{"model": "admin.logentry", "pk": 1, "fields": {"action_time": "2021-06-18T09:49:14.622Z", "user": 1, "content_type": 7, "object_id": "2", "object_repr": "127.0.0.1:8000", "action_flag": 1, "change_message": "[{\"added\": {}}]"}}, {"model": "admin.logentry", "pk": 2, "fields": {"action_time": "2021-06-18T09:49:29.511Z", "user": 1, "content_type": 11, "object_id": "1", "object_repr": "SAS Service Portal", "action_flag": 1, "change_message": "[{\"added\": {}}]"}}, {"model": "admin.logentry", "pk": 3, "fields": {"action_time": "2021-06-18T10:15:17.657Z", "user": 1, "content_type": 4, "object_id": "2", "object_repr": "sanno48632", "action_flag": 3, "change_message": ""}}, {"model": "admin.logentry", "pk": 4, "fields": {"action_time": "2021-06-18T15:44:23.842Z", "user": 1, "content_type": 15, "object_id": "1", "object_repr": "TEST", "action_flag": 3, "change_message": ""}}, {"model": "admin.logentry", "pk": 5, "fields": {"action_time": "2021-06-18T16:17:45.657Z", "user": 1, "content_type": 15, "object_id": "2", "object_repr": "TEST", "action_flag": 3, "change_message": ""}}, {"model": "admin.logentry", "pk": 6, "fields": {"action_time": "2021-06-18T16:19:30.499Z", "user": 1, "content_type": 15, "object_id": "3", "object_repr": "ACRES", "action_flag": 3, "change_message": ""}}, {"model": "admin.logentry", "pk": 7, "fields": {"action_time": "2021-06-18T16:19:30.504Z", "user": 1, "content_type": 15, "object_id": "4", "object_repr": "Ambition", "action_flag": 3, "change_message": ""}}, {"model": "admin.logentry", "pk": 8, "fields": {"action_time": "2021-06-18T16:19:30.507Z", "user": 1, "content_type": 15, "object_id": "62", "object_repr": "Art Beyond Differences", "action_flag": 3, "change_message": ""}}, {"model": "admin.logentry", "pk": 9, "fields": {"action_time": "2021-06-18T16:19:30.510Z", "user": 1, "content_type": 15, "object_id": "5", "object_repr": "Beyond Social Services", "action_flag": 3, "change_message": ""}}, {"model": "admin.logentry", "pk": 10, "fields": {"action_time": "2021-06-18T16:19:30.513Z", "user": 1, "content_type": 15, "object_id": "6", "object_repr": "Billion Bricks", "action_flag": 3, "change_message": ""}}, {"model": "admin.logentry", "pk": 11, "fields": {"action_time": "2021-06-18T16:19:30.517Z", "user": 1, "content_type": 15, "object_id": "7", "object_repr": "Blue Planet Initiative", "action_flag": 3, "change_message": ""}}, {"model": "admin.logentry", "pk": 12, "fields": {"action_time": "2021-06-18T16:19:30.521Z", "user": 1, "content_type": 15, "object_id": "8", "object_repr": "Butterflies for Nepal", "action_flag": 3, "change_message": ""}}, {"model": "admin.logentry", "pk": 13, "fields": {"action_time": "2021-06-18T16:19:30.524Z", "user": 1, "content_type": 15, "object_id": "9", "object_repr": "Caring For Cambodia", "action_flag": 3, "change_message": ""}}, {"model": "admin.logentry", "pk": 14, "fields": {"action_time": "2021-06-18T16:19:30.528Z", "user": 1, "content_type": 15, "object_id": "10", "object_repr": "Code For All", "action_flag": 3, "change_message": ""}}, {"model": "admin.logentry", "pk": 15, "fields": {"action_time": "2021-06-18T16:19:30.532Z", "user": 1, "content_type": 15, "object_id": "11", "object_repr": "Daughters of Tomorrow SAS", "action_flag": 3, "change_message": ""}}, {"model": "admin.logentry", "pk": 16, "fields": {"action_time": "2021-06-18T16:19:30.538Z", "user": 1, "content_type": 15, "object_id": "12", "object_repr": "Digital Citizens", "action_flag": 3, "change_message": ""}}, {"model": "admin.logentry", "pk": 17, "fields": {"action_time": "2021-06-18T16:19:30.542Z", "user": 1, "content_type": 15, "object_id": "13", "object_repr": "Digital Frontiers", "action_flag": 3, "change_message": ""}}, {"model": "admin.logentry", "pk": 18, "fields": {"action_time": "2021-06-18T16:19:30.545Z", "user": 1, "content_type": 15, "object_id": "14", "object_repr": "EAA Help", "action_flag": 3, "change_message": ""}}, {"model": "admin.logentry", "pk": 19, "fields": {"action_time": "2021-06-18T16:19:30.548Z", "user": 1, "content_type": 15, "object_id": "16", "object_repr": "ECHO", "action_flag": 3, "change_message": ""}}, {"model": "admin.logentry", "pk": 20, "fields": {"action_time": "2021-06-18T16:19:30.550Z", "user": 1, "content_type": 15, "object_id": "15", "object_repr": "Earthcraft", "action_flag": 3, "change_message": ""}}, {"model": "admin.logentry", "pk": 21, "fields": {"action_time": "2021-06-18T16:19:30.555Z", "user": 1, "content_type": 15, "object_id": "17", "object_repr": "Eden Education Institute+", "action_flag": 3, "change_message": ""}}, {"model": "admin.logentry", "pk": 22, "fields": {"action_time": "2021-06-18T16:19:30.558Z", "user": 1, "content_type": 15, "object_id": "18", "object_repr": "Food From the Heart", "action_flag": 3, "change_message": ""}}, {"model": "admin.logentry", "pk": 23, "fields": {"action_time": "2021-06-18T16:19:30.561Z", "user": 1, "content_type": 15, "object_id": "19", "object_repr": "Friends of Genesis", "action_flag": 3, "change_message": ""}}, {"model": "admin.logentry", "pk": 24, "fields": {"action_time": "2021-06-18T16:19:30.566Z", "user": 1, "content_type": 15, "object_id": "20", "object_repr": "Gawad Kalinga", "action_flag": 3, "change_message": ""}}, {"model": "admin.logentry", "pk": 25, "fields": {"action_time": "2021-06-18T16:19:30.571Z", "user": 1, "content_type": 15, "object_id": "21", "object_repr": "Givo", "action_flag": 3, "change_message": ""}}, {"model": "admin.logentry", "pk": 26, "fields": {"action_time": "2021-06-18T16:19:30.574Z", "user": 1, "content_type": 15, "object_id": "22", "object_repr": "Global Issues Network", "action_flag": 3, "change_message": ""}}, {"model": "admin.logentry", "pk": 27, "fields": {"action_time": "2021-06-18T16:19:30.578Z", "user": 1, "content_type": 15, "object_id": "23", "object_repr": "Growing A Future Organization", "action_flag": 3, "change_message": ""}}, {"model": "admin.logentry", "pk": 28, "fields": {"action_time": "2021-06-18T16:19:30.586Z", "user": 1, "content_type": 15, "object_id": "24", "object_repr": "Habitat for Humanity", "action_flag": 3, "change_message": ""}}, {"model": "admin.logentry", "pk": 29, "fields": {"action_time": "2021-06-18T16:19:30.590Z", "user": 1, "content_type": 15, "object_id": "25", "object_repr": "Happiness For The Future", "action_flag": 3, "change_message": ""}}, {"model": "admin.logentry", "pk": 30, "fields": {"action_time": "2021-06-18T16:19:30.593Z", "user": 1, "content_type": 15, "object_id": "26", "object_repr": "Hope for Heroes", "action_flag": 3, "change_message": ""}}, {"model": "admin.logentry", "pk": 31, "fields": {"action_time": "2021-06-18T16:19:30.597Z", "user": 1, "content_type": 15, "object_id": "27", "object_repr": "International Students for Refugee Aid", "action_flag": 3, "change_message": ""}}, {"model": "admin.logentry", "pk": 32, "fields": {"action_time": "2021-06-18T16:19:30.601Z", "user": 1, "content_type": 15, "object_id": "28", "object_repr": "Leprosy Home", "action_flag": 3, "change_message": ""}}, {"model": "admin.logentry", "pk": 33, "fields": {"action_time": "2021-06-18T16:19:30.604Z", "user": 1, "content_type": 15, "object_id": "29", "object_repr": "Liberty in North Korea", "action_flag": 3, "change_message": ""}}, {"model": "admin.logentry", "pk": 34, "fields": {"action_time": "2021-06-18T16:19:30.608Z", "user": 1, "content_type": 15, "object_id": "30", "object_repr": "Lighthouses of IMH", "action_flag": 3, "change_message": ""}}, {"model": "admin.logentry", "pk": 35, "fields": {"action_time": "2021-06-18T16:19:30.611Z", "user": 1, "content_type": 15, "object_id": "31", "object_repr": "Medical Suppliers for COVID-19", "action_flag": 3, "change_message": ""}}, {"model": "admin.logentry", "pk": 36, "fields": {"action_time": "2021-06-18T16:19:30.614Z", "user": 1, "content_type": 15, "object_id": "32", "object_repr": "Metta Home", "action_flag": 3, "change_message": ""}}, {"model": "admin.logentry", "pk": 37, "fields": {"action_time": "2021-06-18T16:19:30.618Z", "user": 1, "content_type": 15, "object_id": "33", "object_repr": "National Kidney Foundation", "action_flag": 3, "change_message": ""}}, {"model": "admin.logentry", "pk": 38, "fields": {"action_time": "2021-06-18T16:19:30.623Z", "user": 1, "content_type": 15, "object_id": "34", "object_repr": "Operation Smile", "action_flag": 3, "change_message": ""}}, {"model": "admin.logentry", "pk": 39, "fields": {"action_time": "2021-06-18T16:19:30.625Z", "user": 1, "content_type": 15, "object_id": "35", "object_repr": "Outreach Vietnam", "action_flag": 3, "change_message": ""}}, {"model": "admin.logentry", "pk": 40, "fields": {"action_time": "2021-06-18T16:19:30.629Z", "user": 1, "content_type": 15, "object_id": "38", "object_repr": "PRISM", "action_flag": 3, "change_message": ""}}, {"model": "admin.logentry", "pk": 41, "fields": {"action_time": "2021-06-18T16:19:30.632Z", "user": 1, "content_type": 15, "object_id": "36", "object_repr": "Photo Club", "action_flag": 3, "change_message": ""}}, {"model": "admin.logentry", "pk": 42, "fields": {"action_time": "2021-06-18T16:19:30.635Z", "user": 1, "content_type": 15, "object_id": "37", "object_repr": "Pink Project", "action_flag": 3, "change_message": ""}}, {"model": "admin.logentry", "pk": 43, "fields": {"action_time": "2021-06-18T16:19:30.638Z", "user": 1, "content_type": 15, "object_id": "39", "object_repr": "Project Dignity", "action_flag": 3, "change_message": ""}}, {"model": "admin.logentry", "pk": 44, "fields": {"action_time": "2021-06-18T16:19:30.641Z", "user": 1, "content_type": 15, "object_id": "40", "object_repr": "Project India", "action_flag": 3, "change_message": ""}}, {"model": "admin.logentry", "pk": 45, "fields": {"action_time": "2021-06-18T16:19:30.645Z", "user": 1, "content_type": 15, "object_id": "41", "object_repr": "Project Karuna", "action_flag": 3, "change_message": ""}}, {"model": "admin.logentry", "pk": 46, "fields": {"action_time": "2021-06-18T16:19:30.649Z", "user": 1, "content_type": 15, "object_id": "43", "object_repr": "READ Bhutan", "action_flag": 3, "change_message": ""}}, {"model": "admin.logentry", "pk": 47, "fields": {"action_time": "2021-06-18T16:19:30.654Z", "user": 1, "content_type": 15, "object_id": "44", "object_repr": "RISE", "action_flag": 3, "change_message": ""}}, {"model": "admin.logentry", "pk": 48, "fields": {"action_time": "2021-06-18T16:19:30.657Z", "user": 1, "content_type": 15, "object_id": "42", "object_repr": "Rachel's House", "action_flag": 3, "change_message": ""}}, {"model": "admin.logentry", "pk": 49, "fields": {"action_time": "2021-06-18T16:19:30.661Z", "user": 1, "content_type": 15, "object_id": "45", "object_repr": "Robotics Service", "action_flag": 3, "change_message": ""}}, {"model": "admin.logentry", "pk": 50, "fields": {"action_time": "2021-06-18T16:19:30.664Z", "user": 1, "content_type": 15, "object_id": "46", "object_repr": "Ronald McDonald House", "action_flag": 3, "change_message": ""}}, {"model": "admin.logentry", "pk": 51, "fields": {"action_time": "2021-06-18T16:19:30.667Z", "user": 1, "content_type": 15, "object_id": "49", "object_repr": "S.A.V.E.", "action_flag": 3, "change_message": ""}}, {"model": "admin.logentry", "pk": 52, "fields": {"action_time": "2021-06-18T16:19:30.671Z", "user": 1, "content_type": 15, "object_id": "48", "object_repr": "SAGE", "action_flag": 3, "change_message": ""}}, {"model": "admin.logentry", "pk": 53, "fields": {"action_time": "2021-06-18T16:19:30.674Z", "user": 1, "content_type": 15, "object_id": "50", "object_repr": "SAVH Massages", "action_flag": 3, "change_message": ""}}, {"model": "admin.logentry", "pk": 54, "fields": {"action_time": "2021-06-18T16:19:30.679Z", "user": 1, "content_type": 15, "object_id": "47", "object_repr": "SAdeaf", "action_flag": 3, "change_message": ""}}, {"model": "admin.logentry", "pk": 55, "fields": {"action_time": "2021-06-18T16:19:30.682Z", "user": 1, "content_type": 15, "object_id": "51", "object_repr": "SEED", "action_flag": 3, "change_message": ""}}, {"model": "admin.logentry", "pk": 56, "fields": {"action_time": "2021-06-18T16:19:30.685Z", "user": 1, "content_type": 15, "object_id": "54", "object_repr": "SPAR", "action_flag": 3, "change_message": ""}}, {"model": "admin.logentry", "pk": 57, "fields": {"action_time": "2021-06-18T16:19:30.690Z", "user": 1, "content_type": 15, "object_id": "52", "object_repr": "She's the First", "action_flag": 3, "change_message": ""}}, {"model": "admin.logentry", "pk": 58, "fields": {"action_time": "2021-06-18T16:19:30.693Z", "user": 1, "content_type": 15, "object_id": "53", "object_repr": "South Korean Youth Society", "action_flag": 3, "change_message": ""}}, {"model": "admin.logentry", "pk": 59, "fields": {"action_time": "2021-06-18T16:19:30.696Z", "user": 1, "content_type": 15, "object_id": "55", "object_repr": "Special Sports", "action_flag": 3, "change_message": ""}}, {"model": "admin.logentry", "pk": 60, "fields": {"action_time": "2021-06-18T16:19:30.700Z", "user": 1, "content_type": 15, "object_id": "56", "object_repr": "Spotlight on Staff", "action_flag": 3, "change_message": ""}}, {"model": "admin.logentry", "pk": 61, "fields": {"action_time": "2021-06-18T16:19:30.704Z", "user": 1, "content_type": 15, "object_id": "57", "object_repr": "Stairway", "action_flag": 3, "change_message": ""}}, {"model": "admin.logentry", "pk": 62, "fields": {"action_time": "2021-06-18T16:19:30.707Z", "user": 1, "content_type": 15, "object_id": "58", "object_repr": "Student Athletic Trainers", "action_flag": 3, "change_message": ""}}, {"model": "admin.logentry", "pk": 63, "fields": {"action_time": "2021-06-18T16:19:30.710Z", "user": 1, "content_type": 15, "object_id": "59", "object_repr": "TASSEL", "action_flag": 3, "change_message": ""}}, {"model": "admin.logentry", "pk": 64, "fields": {"action_time": "2021-06-18T16:19:30.713Z", "user": 1, "content_type": 15, "object_id": "60", "object_repr": "Technical Theater", "action_flag": 3, "change_message": ""}}, {"model": "admin.logentry", "pk": 65, "fields": {"action_time": "2021-06-18T16:19:30.717Z", "user": 1, "content_type": 15, "object_id": "61", "object_repr": "Theater Makeup", "action_flag": 3, "change_message": ""}}, {"model": "admin.logentry", "pk": 66, "fields": {"action_time": "2021-06-18T16:19:30.719Z", "user": 1, "content_type": 15, "object_id": "63", "object_repr": "Vivace", "action_flag": 3, "change_message": ""}}, {"model": "admin.logentry", "pk": 67, "fields": {"action_time": "2021-06-18T16:19:30.724Z", "user": 1, "content_type": 15, "object_id": "64", "object_repr": "Walk for Water", "action_flag": 3, "change_message": ""}}, {"model": "admin.logentry", "pk": 68, "fields": {"action_time": "2021-06-18T16:19:30.728Z", "user": 1, "content_type": 15, "object_id": "65", "object_repr": "Willing Hearts", "action_flag": 3, "change_message": ""}}, {"model": "admin.logentry", "pk": 69, "fields": {"action_time": "2021-06-18T16:19:30.732Z", "user": 1, "content_type": 15, "object_id": "66", "object_repr": "Wish for Kids", "action_flag": 3, "change_message": ""}}, {"model": "admin.logentry", "pk": 70, "fields": {"action_time": "2021-06-18T16:19:30.736Z", "user": 1, "content_type": 15, "object_id": "67", "object_repr": "XSProject", "action_flag": 3, "change_message": ""}}, {"model": "admin.logentry", "pk": 71, "fields": {"action_time": "2021-06-18T16:19:30.741Z", "user": 1, "content_type": 15, "object_id": "68", "object_repr": "Youth Aiding China and Singapore", "action_flag": 3, "change_message": ""}}, {"model": "admin.logentry", "pk": 72, "fields": {"action_time": "2021-06-18T16:21:13.925Z", "user": 1, "content_type": 15, "object_id": "69", "object_repr": "ACRES", "action_flag": 3, "change_message": ""}}, {"model": "admin.logentry", "pk": 73, "fields": {"action_time": "2021-06-18T16:21:13.929Z", "user": 1, "content_type": 15, "object_id": "70", "object_repr": "Ambition", "action_flag": 3, "change_message": ""}}, {"model": "admin.logentry", "pk": 74, "fields": {"action_time": "2021-06-18T16:21:13.938Z", "user": 1, "content_type": 15, "object_id": "128", "object_repr": "Art Beyond Differences", "action_flag": 3, "change_message": ""}}, {"model": "admin.logentry", "pk": 75, "fields": {"action_time": "2021-06-18T16:21:13.943Z", "user": 1, "content_type": 15, "object_id": "71", "object_repr": "Beyond Social Services", "action_flag": 3, "change_message": ""}}, {"model": "admin.logentry", "pk": 76, "fields": {"action_time": "2021-06-18T16:21:13.947Z", "user": 1, "content_type": 15, "object_id": "72", "object_repr": "Billion Bricks", "action_flag": 3, "change_message": ""}}, {"model": "admin.logentry", "pk": 77, "fields": {"action_time": "2021-06-18T16:21:13.951Z", "user": 1, "content_type": 15, "object_id": "73", "object_repr": "Blue Planet Initiative", "action_flag": 3, "change_message": ""}}, {"model": "admin.logentry", "pk": 78, "fields": {"action_time": "2021-06-18T16:21:13.954Z", "user": 1, "content_type": 15, "object_id": "74", "object_repr": "Butterflies for Nepal", "action_flag": 3, "change_message": ""}}, {"model": "admin.logentry", "pk": 79, "fields": {"action_time": "2021-06-18T16:21:13.957Z", "user": 1, "content_type": 15, "object_id": "75", "object_repr": "Caring For Cambodia", "action_flag": 3, "change_message": ""}}, {"model": "admin.logentry", "pk": 80, "fields": {"action_time": "2021-06-18T16:21:13.961Z", "user": 1, "content_type": 15, "object_id": "76", "object_repr": "Code For All", "action_flag": 3, "change_message": ""}}, {"model": "admin.logentry", "pk": 81, "fields": {"action_time": "2021-06-18T16:21:13.966Z", "user": 1, "content_type": 15, "object_id": "77", "object_repr": "Daughters of Tomorrow SAS", "action_flag": 3, "change_message": ""}}, {"model": "admin.logentry", "pk": 82, "fields": {"action_time": "2021-06-18T16:21:13.970Z", "user": 1, "content_type": 15, "object_id": "78", "object_repr": "Digital Citizens", "action_flag": 3, "change_message": ""}}, {"model": "admin.logentry", "pk": 83, "fields": {"action_time": "2021-06-18T16:21:13.975Z", "user": 1, "content_type": 15, "object_id": "79", "object_repr": "Digital Frontiers", "action_flag": 3, "change_message": ""}}, {"model": "admin.logentry", "pk": 84, "fields": {"action_time": "2021-06-18T16:21:13.979Z", "user": 1, "content_type": 15, "object_id": "80", "object_repr": "EAA Help", "action_flag": 3, "change_message": ""}}, {"model": "admin.logentry", "pk": 85, "fields": {"action_time": "2021-06-18T16:21:13.985Z", "user": 1, "content_type": 15, "object_id": "82", "object_repr": "ECHO", "action_flag": 3, "change_message": ""}}, {"model": "admin.logentry", "pk": 86, "fields": {"action_time": "2021-06-18T16:21:13.988Z", "user": 1, "content_type": 15, "object_id": "81", "object_repr": "Earthcraft", "action_flag": 3, "change_message": ""}}, {"model": "admin.logentry", "pk": 87, "fields": {"action_time": "2021-06-18T16:21:13.993Z", "user": 1, "content_type": 15, "object_id": "83", "object_repr": "Eden Education Institute+", "action_flag": 3, "change_message": ""}}, {"model": "admin.logentry", "pk": 88, "fields": {"action_time": "2021-06-18T16:21:13.999Z", "user": 1, "content_type": 15, "object_id": "84", "object_repr": "Food From the Heart", "action_flag": 3, "change_message": ""}}, {"model": "admin.logentry", "pk": 89, "fields": {"action_time": "2021-06-18T16:21:14.003Z", "user": 1, "content_type": 15, "object_id": "85", "object_repr": "Friends of Genesis", "action_flag": 3, "change_message": ""}}, {"model": "admin.logentry", "pk": 90, "fields": {"action_time": "2021-06-18T16:21:14.009Z", "user": 1, "content_type": 15, "object_id": "86", "object_repr": "Gawad Kalinga", "action_flag": 3, "change_message": ""}}, {"model": "admin.logentry", "pk": 91, "fields": {"action_time": "2021-06-18T16:21:14.019Z", "user": 1, "content_type": 15, "object_id": "87", "object_repr": "Givo", "action_flag": 3, "change_message": ""}}, {"model": "admin.logentry", "pk": 92, "fields": {"action_time": "2021-06-18T16:21:14.089Z", "user": 1, "content_type": 15, "object_id": "88", "object_repr": "Global Issues Network", "action_flag": 3, "change_message": ""}}, {"model": "admin.logentry", "pk": 93, "fields": {"action_time": "2021-06-18T16:21:14.093Z", "user": 1, "content_type": 15, "object_id": "89", "object_repr": "Growing A Future Organization", "action_flag": 3, "change_message": ""}}, {"model": "admin.logentry", "pk": 94, "fields": {"action_time": "2021-06-18T16:21:14.096Z", "user": 1, "content_type": 15, "object_id": "90", "object_repr": "Habitat for Humanity", "action_flag": 3, "change_message": ""}}, {"model": "admin.logentry", "pk": 95, "fields": {"action_time": "2021-06-18T16:21:14.100Z", "user": 1, "content_type": 15, "object_id": "91", "object_repr": "Happiness For The Future", "action_flag": 3, "change_message": ""}}, {"model": "admin.logentry", "pk": 96, "fields": {"action_time": "2021-06-18T16:21:14.104Z", "user": 1, "content_type": 15, "object_id": "92", "object_repr": "Hope for Heroes", "action_flag": 3, "change_message": ""}}, {"model": "admin.logentry", "pk": 97, "fields": {"action_time": "2021-06-18T16:21:14.111Z", "user": 1, "content_type": 15, "object_id": "93", "object_repr": "International Students for Refugee Aid", "action_flag": 3, "change_message": ""}}, {"model": "admin.logentry", "pk": 98, "fields": {"action_time": "2021-06-18T16:21:14.116Z", "user": 1, "content_type": 15, "object_id": "94", "object_repr": "Leprosy Home", "action_flag": 3, "change_message": ""}}, {"model": "admin.logentry", "pk": 99, "fields": {"action_time": "2021-06-18T16:21:14.121Z", "user": 1, "content_type": 15, "object_id": "95", "object_repr": "Liberty in North Korea", "action_flag": 3, "change_message": ""}}, {"model": "admin.logentry", "pk": 100, "fields": {"action_time": "2021-06-18T16:21:14.126Z", "user": 1, "content_type": 15, "object_id": "96", "object_repr": "Lighthouses of IMH", "action_flag": 3, "change_message": ""}}, {"model": "admin.logentry", "pk": 101, "fields": {"action_time": "2021-06-18T16:21:14.131Z", "user": 1, "content_type": 15, "object_id": "97", "object_repr": "Medical Suppliers for COVID-19", "action_flag": 3, "change_message": ""}}, {"model": "admin.logentry", "pk": 102, "fields": {"action_time": "2021-06-18T16:21:14.137Z", "user": 1, "content_type": 15, "object_id": "98", "object_repr": "Metta Home", "action_flag": 3, "change_message": ""}}, {"model": "admin.logentry", "pk": 103, "fields": {"action_time": "2021-06-18T16:21:14.141Z", "user": 1, "content_type": 15, "object_id": "99", "object_repr": "National Kidney Foundation", "action_flag": 3, "change_message": ""}}, {"model": "admin.logentry", "pk": 104, "fields": {"action_time": "2021-06-18T16:21:14.145Z", "user": 1, "content_type": 15, "object_id": "100", "object_repr": "Operation Smile", "action_flag": 3, "change_message": ""}}, {"model": "admin.logentry", "pk": 105, "fields": {"action_time": "2021-06-18T16:21:14.150Z", "user": 1, "content_type": 15, "object_id": "101", "object_repr": "Outreach Vietnam", "action_flag": 3, "change_message": ""}}, {"model": "admin.logentry", "pk": 106, "fields": {"action_time": "2021-06-18T16:21:14.155Z", "user": 1, "content_type": 15, "object_id": "104", "object_repr": "PRISM", "action_flag": 3, "change_message": ""}}, {"model": "admin.logentry", "pk": 107, "fields": {"action_time": "2021-06-18T16:21:14.158Z", "user": 1, "content_type": 15, "object_id": "102", "object_repr": "Photo Club", "action_flag": 3, "change_message": ""}}, {"model": "admin.logentry", "pk": 108, "fields": {"action_time": "2021-06-18T16:21:14.162Z", "user": 1, "content_type": 15, "object_id": "103", "object_repr": "Pink Project", "action_flag": 3, "change_message": ""}}, {"model": "admin.logentry", "pk": 109, "fields": {"action_time": "2021-06-18T16:21:14.165Z", "user": 1, "content_type": 15, "object_id": "105", "object_repr": "Project Dignity", "action_flag": 3, "change_message": ""}}, {"model": "admin.logentry", "pk": 110, "fields": {"action_time": "2021-06-18T16:21:14.171Z", "user": 1, "content_type": 15, "object_id": "106", "object_repr": "Project India", "action_flag": 3, "change_message": ""}}, {"model": "admin.logentry", "pk": 111, "fields": {"action_time": "2021-06-18T16:21:14.178Z", "user": 1, "content_type": 15, "object_id": "107", "object_repr": "Project Karuna", "action_flag": 3, "change_message": ""}}, {"model": "admin.logentry", "pk": 112, "fields": {"action_time": "2021-06-18T16:21:14.186Z", "user": 1, "content_type": 15, "object_id": "109", "object_repr": "READ Bhutan", "action_flag": 3, "change_message": ""}}, {"model": "admin.logentry", "pk": 113, "fields": {"action_time": "2021-06-18T16:21:14.191Z", "user": 1, "content_type": 15, "object_id": "110", "object_repr": "RISE", "action_flag": 3, "change_message": ""}}, {"model": "admin.logentry", "pk": 114, "fields": {"action_time": "2021-06-18T16:21:14.202Z", "user": 1, "content_type": 15, "object_id": "108", "object_repr": "Rachel's House", "action_flag": 3, "change_message": ""}}, {"model": "admin.logentry", "pk": 115, "fields": {"action_time": "2021-06-18T16:21:14.211Z", "user": 1, "content_type": 15, "object_id": "111", "object_repr": "Robotics Service", "action_flag": 3, "change_message": ""}}, {"model": "admin.logentry", "pk": 116, "fields": {"action_time": "2021-06-18T16:21:14.223Z", "user": 1, "content_type": 15, "object_id": "112", "object_repr": "Ronald McDonald House", "action_flag": 3, "change_message": ""}}, {"model": "admin.logentry", "pk": 117, "fields": {"action_time": "2021-06-18T16:21:14.230Z", "user": 1, "content_type": 15, "object_id": "115", "object_repr": "S.A.V.E.", "action_flag": 3, "change_message": ""}}, {"model": "admin.logentry", "pk": 118, "fields": {"action_time": "2021-06-18T16:21:14.237Z", "user": 1, "content_type": 15, "object_id": "114", "object_repr": "SAGE", "action_flag": 3, "change_message": ""}}, {"model": "admin.logentry", "pk": 119, "fields": {"action_time": "2021-06-18T16:21:14.242Z", "user": 1, "content_type": 15, "object_id": "116", "object_repr": "SAVH Massages", "action_flag": 3, "change_message": ""}}, {"model": "admin.logentry", "pk": 120, "fields": {"action_time": "2021-06-18T16:21:14.245Z", "user": 1, "content_type": 15, "object_id": "113", "object_repr": "SAdeaf", "action_flag": 3, "change_message": ""}}, {"model": "admin.logentry", "pk": 121, "fields": {"action_time": "2021-06-18T16:21:14.254Z", "user": 1, "content_type": 15, "object_id": "117", "object_repr": "SEED", "action_flag": 3, "change_message": ""}}, {"model": "admin.logentry", "pk": 122, "fields": {"action_time": "2021-06-18T16:21:14.258Z", "user": 1, "content_type": 15, "object_id": "120", "object_repr": "SPAR", "action_flag": 3, "change_message": ""}}, {"model": "admin.logentry", "pk": 123, "fields": {"action_time": "2021-06-18T16:21:14.262Z", "user": 1, "content_type": 15, "object_id": "118", "object_repr": "She's the First", "action_flag": 3, "change_message": ""}}, {"model": "admin.logentry", "pk": 124, "fields": {"action_time": "2021-06-18T16:21:14.268Z", "user": 1, "content_type": 15, "object_id": "119", "object_repr": "South Korean Youth Society", "action_flag": 3, "change_message": ""}}, {"model": "admin.logentry", "pk": 125, "fields": {"action_time": "2021-06-18T16:21:14.272Z", "user": 1, "content_type": 15, "object_id": "121", "object_repr": "Special Sports", "action_flag": 3, "change_message": ""}}, {"model": "admin.logentry", "pk": 126, "fields": {"action_time": "2021-06-18T16:21:14.277Z", "user": 1, "content_type": 15, "object_id": "122", "object_repr": "Spotlight on Staff", "action_flag": 3, "change_message": ""}}, {"model": "admin.logentry", "pk": 127, "fields": {"action_time": "2021-06-18T16:21:14.282Z", "user": 1, "content_type": 15, "object_id": "123", "object_repr": "Stairway", "action_flag": 3, "change_message": ""}}, {"model": "admin.logentry", "pk": 128, "fields": {"action_time": "2021-06-18T16:21:14.286Z", "user": 1, "content_type": 15, "object_id": "124", "object_repr": "Student Athletic Trainers", "action_flag": 3, "change_message": ""}}, {"model": "admin.logentry", "pk": 129, "fields": {"action_time": "2021-06-18T16:21:14.289Z", "user": 1, "content_type": 15, "object_id": "125", "object_repr": "TASSEL", "action_flag": 3, "change_message": ""}}, {"model": "admin.logentry", "pk": 130, "fields": {"action_time": "2021-06-18T16:21:14.292Z", "user": 1, "content_type": 15, "object_id": "126", "object_repr": "Technical Theater", "action_flag": 3, "change_message": ""}}, {"model": "admin.logentry", "pk": 131, "fields": {"action_time": "2021-06-18T16:21:14.295Z", "user": 1, "content_type": 15, "object_id": "127", "object_repr": "Theater Makeup", "action_flag": 3, "change_message": ""}}, {"model": "admin.logentry", "pk": 132, "fields": {"action_time": "2021-06-18T16:21:14.299Z", "user": 1, "content_type": 15, "object_id": "129", "object_repr": "Vivace", "action_flag": 3, "change_message": ""}}, {"model": "admin.logentry", "pk": 133, "fields": {"action_time": "2021-06-18T16:21:14.304Z", "user": 1, "content_type": 15, "object_id": "130", "object_repr": "Walk for Water", "action_flag": 3, "change_message": ""}}, {"model": "admin.logentry", "pk": 134, "fields": {"action_time": "2021-06-18T16:21:14.307Z", "user": 1, "content_type": 15, "object_id": "131", "object_repr": "Willing Hearts", "action_flag": 3, "change_message": ""}}, {"model": "admin.logentry", "pk": 135, "fields": {"action_time": "2021-06-18T16:21:14.312Z", "user": 1, "content_type": 15, "object_id": "132", "object_repr": "Wish for Kids", "action_flag": 3, "change_message": ""}}, {"model": "admin.logentry", "pk": 136, "fields": {"action_time": "2021-06-18T16:21:14.325Z", "user": 1, "content_type": 15, "object_id": "133", "object_repr": "XSProject", "action_flag": 3, "change_message": ""}}, {"model": "admin.logentry", "pk": 137, "fields": {"action_time": "2021-06-18T16:21:14.328Z", "user": 1, "content_type": 15, "object_id": "134", "object_repr": "Youth Aiding China and Singapore", "action_flag": 3, "change_message": ""}}, {"model": "admin.logentry", "pk": 138, "fields": {"action_time": "2021-06-19T18:01:44.905Z", "user": 1, "content_type": 7, "object_id": "1", "object_repr": "example.com", "action_flag": 3, "change_message": ""}}, {"model": "admin.logentry", "pk": 139, "fields": {"action_time": "2021-06-19T18:03:05.949Z", "user": 1, "content_type": 15, "object_id": "191", "object_repr": "TASSEL", "action_flag": 2, "change_message": "[{\"changed\": {\"fields\": [\"Mission\", \"Involvement\", \"Meeting\", \"Members\", \"Officers\", \"Color primary\", \"Color secondary\"]}}]"}}, {"model": "admin.logentry", "pk": 140, "fields": {"action_time": "2021-06-21T16:44:10.057Z", "user": 1, "content_type": 17, "object_id": "1", "object_repr": "Tag 1", "action_flag": 1, "change_message": "[{\"added\": {}}]"}}, {"model": "admin.logentry", "pk": 141, "fields": {"action_time": "2021-06-21T16:44:19.324Z", "user": 1, "content_type": 17, "object_id": "2", "object_repr": "Tag 2", "action_flag": 1, "change_message": "[{\"added\": {}}]"}}, {"model": "admin.logentry", "pk": 142, "fields": {"action_time": "2021-06-21T16:44:25.031Z", "user": 1, "content_type": 17, "object_id": "3", "object_repr": "Tag 3", "action_flag": 1, "change_message": "[{\"added\": {}}]"}}, {"model": "admin.logentry", "pk": 143, "fields": {"action_time": "2021-06-21T16:44:29.832Z", "user": 1, "content_type": 17, "object_id": "4", "object_repr": "Tag 4", "action_flag": 1, "change_message": "[{\"added\": {}}]"}}, {"model": "admin.logentry", "pk": 144, "fields": {"action_time": "2021-06-21T16:44:38.382Z", "user": 1, "content_type": 17, "object_id": "5", "object_repr": "Tag 5", "action_flag": 1, "change_message": "[{\"added\": {}}]"}}, {"model": "admin.logentry", "pk": 145, "fields": {"action_time": "2021-06-21T16:44:43.444Z", "user": 1, "content_type": 17, "object_id": "6", "object_repr": "Tag 6", "action_flag": 1, "change_message": "[{\"added\": {}}]"}}, {"model": "admin.logentry", "pk": 146, "fields": {"action_time": "2021-06-21T16:44:47.798Z", "user": 1, "content_type": 17, "object_id": "7", "object_repr": "Tag 7", "action_flag": 1, "change_message": "[{\"added\": {}}]"}}, {"model": "admin.logentry", "pk": 147, "fields": {"action_time": "2021-06-21T16:44:51.838Z", "user": 1, "content_type": 17, "object_id": "8", "object_repr": "Tag 8", "action_flag": 1, "change_message": "[{\"added\": {}}]"}}, {"model": "admin.logentry", "pk": 148, "fields": {"action_time": "2021-06-21T16:44:56.697Z", "user": 1, "content_type": 17, "object_id": "9", "object_repr": "Tag 9", "action_flag": 1, "change_message": "[{\"added\": {}}]"}}, {"model": "admin.logentry", "pk": 149, "fields": {"action_time": "2021-06-21T16:45:01.541Z", "user": 1, "content_type": 17, "object_id": "10", "object_repr": "Tag 10", "action_flag": 1, "change_message": "[{\"added\": {}}]"}}, {"model": "admin.logentry", "pk": 150, "fields": {"action_time": "2021-06-21T16:54:49.291Z", "user": 1, "content_type": 15, "object_id": "160", "object_repr": "Leprosy Home", "action_flag": 2, "change_message": "[{\"changed\": {\"fields\": [\"Mission\", \"Involvement\", \"Meeting\", \"Members\", \"Officers\", \"Color primary\"]}}]"}}, {"model": "admin.logentry", "pk": 151, "fields": {"action_time": "2021-06-21T17:42:50.417Z", "user": 1, "content_type": 15, "object_id": "135", "object_repr": "ACRES", "action_flag": 2, "change_message": "[{\"changed\": {\"fields\": [\"Involvement\", \"Meeting\", \"Color primary\", \"Color secondary\", \"Tags\"]}}]"}}, {"model": "admin.logentry", "pk": 152, "fields": {"action_time": "2021-06-21T17:42:59.709Z", "user": 1, "content_type": 15, "object_id": "136", "object_repr": "Ambition", "action_flag": 2, "change_message": "[{\"changed\": {\"fields\": [\"Mission\", \"Involvement\", \"Meeting\", \"Color primary\", \"Tags\"]}}]"}}, {"model": "admin.logentry", "pk": 153, "fields": {"action_time": "2021-06-21T17:43:51.855Z", "user": 1, "content_type": 15, "object_id": "194", "object_repr": "Art Beyond Differences", "action_flag": 2, "change_message": "[{\"changed\": {\"fields\": [\"Mission\", \"Involvement\", \"Meeting\", \"Color primary\", \"Color secondary\", \"Tags\"]}}]"}}, {"model": "admin.logentry", "pk": 154, "fields": {"action_time": "2021-06-21T17:44:11.269Z", "user": 1, "content_type": 15, "object_id": "138", "object_repr": "Billion Bricks", "action_flag": 2, "change_message": "[{\"changed\": {\"fields\": [\"Mission\", \"Involvement\", \"Meeting\", \"Color primary\", \"Color secondary\", \"Tags\"]}}]"}}, {"model": "admin.logentry", "pk": 155, "fields": {"action_time": "2021-06-21T17:44:28.945Z", "user": 1, "content_type": 15, "object_id": "141", "object_repr": "Caring For Cambodia", "action_flag": 2, "change_message": "[{\"changed\": {\"fields\": [\"Mission\", \"Involvement\", \"Meeting\", \"Color primary\", \"Color secondary\", \"Tags\"]}}]"}}, {"model": "admin.logentry", "pk": 156, "fields": {"action_time": "2021-06-21T17:44:57.659Z", "user": 1, "content_type": 15, "object_id": "143", "object_repr": "Daughters of Tomorrow SAS", "action_flag": 2, "change_message": "[{\"changed\": {\"fields\": [\"Mission\", \"Involvement\", \"Meeting\", \"Color primary\", \"Tags\"]}}]"}}, {"model": "admin.logentry", "pk": 157, "fields": {"action_time": "2021-06-21T17:45:10.678Z", "user": 1, "content_type": 15, "object_id": "145", "object_repr": "Digital Frontiers", "action_flag": 2, "change_message": "[{\"changed\": {\"fields\": [\"Mission\", \"Involvement\", \"Meeting\", \"Color primary\", \"Tags\"]}}]"}}, {"model": "admin.logentry", "pk": 158, "fields": {"action_time": "2021-07-03T12:37:29.541Z", "user": 1, "content_type": 15, "object_id": "191", "object_repr": "TASSEL", "action_flag": 2, "change_message": "[{\"changed\": {\"fields\": [\"Description\", \"Members\", \"Officers\"]}}]"}}, {"model": "admin.logentry", "pk": 159, "fields": {"action_time": "2021-07-04T15:35:26.660Z", "user": 1, "content_type": 15, "object_id": "135", "object_repr": "ACRES", "action_flag": 2, "change_message": "[{\"changed\": {\"fields\": [\"Logo\"]}}]"}}, {"model": "admin.logentry", "pk": 160, "fields": {"action_time": "2021-07-05T04:10:46.589Z", "user": 1, "content_type": 15, "object_id": "135", "object_repr": "ACRES", "action_flag": 2, "change_message": "[{\"changed\": {\"fields\": [\"Members\", \"Officers\"]}}]"}}, {"model": "admin.logentry", "pk": 161, "fields": {"action_time": "2021-07-07T13:04:28.527Z", "user": 1, "content_type": 15, "object_id": "135", "object_repr": "ACRES", "action_flag": 2, "change_message": "[{\"changed\": {\"fields\": [\"Members\", \"Officers\"]}}]"}}, {"model": "admin.logentry", "pk": 162, "fields": {"action_time": "2021-07-07T13:04:35.707Z", "user": 1, "content_type": 15, "object_id": "141", "object_repr": "Caring For Cambodia", "action_flag": 2, "change_message": "[{\"changed\": {\"fields\": [\"Members\", \"Officers\"]}}]"}}, {"model": "auth.permission", "pk": 1, "fields": {"name": "Can add log entry", "content_type": 1, "codename": "add_logentry"}}, {"model": "auth.permission", "pk": 2, "fields": {"name": "Can change log entry", "content_type": 1, "codename": "change_logentry"}}, {"model": "auth.permission", "pk": 3, "fields": {"name": "Can delete log entry", "content_type": 1, "codename": "delete_logentry"}}, {"model": "auth.permission", "pk": 4, "fields": {"name": "Can view log entry", "content_type": 1, "codename": "view_logentry"}}, {"model": "auth.permission", "pk": 5, "fields": {"name": "Can add permission", "content_type": 2, "codename": "add_permission"}}, {"model": "auth.permission", "pk": 6, "fields": {"name": "Can change permission", "content_type": 2, "codename": "change_permission"}}, {"model": "auth.permission", "pk": 7, "fields": {"name": "Can delete permission", "content_type": 2, "codename": "delete_permission"}}, {"model": "auth.permission", "pk": 8, "fields": {"name": "Can view permission", "content_type": 2, "codename": "view_permission"}}, {"model": "auth.permission", "pk": 9, "fields": {"name": "Can add group", "content_type": 3, "codename": "add_group"}}, {"model": "auth.permission", "pk": 10, "fields": {"name": "Can change group", "content_type": 3, "codename": "change_group"}}, {"model": "auth.permission", "pk": 11, "fields": {"name": "Can delete group", "content_type": 3, "codename": "delete_group"}}, {"model": "auth.permission", "pk": 12, "fields": {"name": "Can view group", "content_type": 3, "codename": "view_group"}}, {"model": "auth.permission", "pk": 13, "fields": {"name": "Can add user", "content_type": 4, "codename": "add_user"}}, {"model": "auth.permission", "pk": 14, "fields": {"name": "Can change user", "content_type": 4, "codename": "change_user"}}, {"model": "auth.permission", "pk": 15, "fields": {"name": "Can delete user", "content_type": 4, "codename": "delete_user"}}, {"model": "auth.permission", "pk": 16, "fields": {"name": "Can view user", "content_type": 4, "codename": "view_user"}}, {"model": "auth.permission", "pk": 17, "fields": {"name": "Can add content type", "content_type": 5, "codename": "add_contenttype"}}, {"model": "auth.permission", "pk": 18, "fields": {"name": "Can change content type", "content_type": 5, "codename": "change_contenttype"}}, {"model": "auth.permission", "pk": 19, "fields": {"name": "Can delete content type", "content_type": 5, "codename": "delete_contenttype"}}, {"model": "auth.permission", "pk": 20, "fields": {"name": "Can view content type", "content_type": 5, "codename": "view_contenttype"}}, {"model": "auth.permission", "pk": 21, "fields": {"name": "Can add session", "content_type": 6, "codename": "add_session"}}, {"model": "auth.permission", "pk": 22, "fields": {"name": "Can change session", "content_type": 6, "codename": "change_session"}}, {"model": "auth.permission", "pk": 23, "fields": {"name": "Can delete session", "content_type": 6, "codename": "delete_session"}}, {"model": "auth.permission", "pk": 24, "fields": {"name": "Can view session", "content_type": 6, "codename": "view_session"}}, {"model": "auth.permission", "pk": 25, "fields": {"name": "Can add site", "content_type": 7, "codename": "add_site"}}, {"model": "auth.permission", "pk": 26, "fields": {"name": "Can change site", "content_type": 7, "codename": "change_site"}}, {"model": "auth.permission", "pk": 27, "fields": {"name": "Can delete site", "content_type": 7, "codename": "delete_site"}}, {"model": "auth.permission", "pk": 28, "fields": {"name": "Can view site", "content_type": 7, "codename": "view_site"}}, {"model": "auth.permission", "pk": 29, "fields": {"name": "Can add email address", "content_type": 8, "codename": "add_emailaddress"}}, {"model": "auth.permission", "pk": 30, "fields": {"name": "Can change email address", "content_type": 8, "codename": "change_emailaddress"}}, {"model": "auth.permission", "pk": 31, "fields": {"name": "Can delete email address", "content_type": 8, "codename": "delete_emailaddress"}}, {"model": "auth.permission", "pk": 32, "fields": {"name": "Can view email address", "content_type": 8, "codename": "view_emailaddress"}}, {"model": "auth.permission", "pk": 33, "fields": {"name": "Can add email confirmation", "content_type": 9, "codename": "add_emailconfirmation"}}, {"model": "auth.permission", "pk": 34, "fields": {"name": "Can change email confirmation", "content_type": 9, "codename": "change_emailconfirmation"}}, {"model": "auth.permission", "pk": 35, "fields": {"name": "Can delete email confirmation", "content_type": 9, "codename": "delete_emailconfirmation"}}, {"model": "auth.permission", "pk": 36, "fields": {"name": "Can view email confirmation", "content_type": 9, "codename": "view_emailconfirmation"}}, {"model": "auth.permission", "pk": 37, "fields": {"name": "Can add social account", "content_type": 10, "codename": "add_socialaccount"}}, {"model": "auth.permission", "pk": 38, "fields": {"name": "Can change social account", "content_type": 10, "codename": "change_socialaccount"}}, {"model": "auth.permission", "pk": 39, "fields": {"name": "Can delete social account", "content_type": 10, "codename": "delete_socialaccount"}}, {"model": "auth.permission", "pk": 40, "fields": {"name": "Can view social account", "content_type": 10, "codename": "view_socialaccount"}}, {"model": "auth.permission", "pk": 41, "fields": {"name": "Can add social application", "content_type": 11, "codename": "add_socialapp"}}, {"model": "auth.permission", "pk": 42, "fields": {"name": "Can change social application", "content_type": 11, "codename": "change_socialapp"}}, {"model": "auth.permission", "pk": 43, "fields": {"name": "Can delete social application", "content_type": 11, "codename": "delete_socialapp"}}, {"model": "auth.permission", "pk": 44, "fields": {"name": "Can view social application", "content_type": 11, "codename": "view_socialapp"}}, {"model": "auth.permission", "pk": 45, "fields": {"name": "Can add social application token", "content_type": 12, "codename": "add_socialtoken"}}, {"model": "auth.permission", "pk": 46, "fields": {"name": "Can change social application token", "content_type": 12, "codename": "change_socialtoken"}}, {"model": "auth.permission", "pk": 47, "fields": {"name": "Can delete social application token", "content_type": 12, "codename": "delete_socialtoken"}}, {"model": "auth.permission", "pk": 48, "fields": {"name": "Can view social application token", "content_type": 12, "codename": "view_socialtoken"}}, {"model": "auth.permission", "pk": 49, "fields": {"name": "Can add Token", "content_type": 13, "codename": "add_token"}}, {"model": "auth.permission", "pk": 50, "fields": {"name": "Can change Token", "content_type": 13, "codename": "change_token"}}, {"model": "auth.permission", "pk": 51, "fields": {"name": "Can delete Token", "content_type": 13, "codename": "delete_token"}}, {"model": "auth.permission", "pk": 52, "fields": {"name": "Can view Token", "content_type": 13, "codename": "view_token"}}, {"model": "auth.permission", "pk": 53, "fields": {"name": "Can add token", "content_type": 14, "codename": "add_tokenproxy"}}, {"model": "auth.permission", "pk": 54, "fields": {"name": "Can change token", "content_type": 14, "codename": "change_tokenproxy"}}, {"model": "auth.permission", "pk": 55, "fields": {"name": "Can delete token", "content_type": 14, "codename": "delete_tokenproxy"}}, {"model": "auth.permission", "pk": 56, "fields": {"name": "Can view token", "content_type": 14, "codename": "view_tokenproxy"}}, {"model": "auth.permission", "pk": 57, "fields": {"name": "Can add club", "content_type": 15, "codename": "add_club"}}, {"model": "auth.permission", "pk": 58, "fields": {"name": "Can change club", "content_type": 15, "codename": "change_club"}}, {"model": "auth.permission", "pk": 59, "fields": {"name": "Can delete club", "content_type": 15, "codename": "delete_club"}}, {"model": "auth.permission", "pk": 60, "fields": {"name": "Can view club", "content_type": 15, "codename": "view_club"}}, {"model": "auth.permission", "pk": 61, "fields": {"name": "Can add event", "content_type": 16, "codename": "add_event"}}, {"model": "auth.permission", "pk": 62, "fields": {"name": "Can change event", "content_type": 16, "codename": "change_event"}}, {"model": "auth.permission", "pk": 63, "fields": {"name": "Can delete event", "content_type": 16, "codename": "delete_event"}}, {"model": "auth.permission", "pk": 64, "fields": {"name": "Can view event", "content_type": 16, "codename": "view_event"}}, {"model": "auth.permission", "pk": 65, "fields": {"name": "Can add tag", "content_type": 17, "codename": "add_tag"}}, {"model": "auth.permission", "pk": 66, "fields": {"name": "Can change tag", "content_type": 17, "codename": "change_tag"}}, {"model": "auth.permission", "pk": 67, "fields": {"name": "Can delete tag", "content_type": 17, "codename": "delete_tag"}}, {"model": "auth.permission", "pk": 68, "fields": {"name": "Can view tag", "content_type": 17, "codename": "view_tag"}}, {"model": "auth.permission", "pk": 69, "fields": {"name": "Can add user profile", "content_type": 18, "codename": "add_userprofile"}}, {"model": "auth.permission", "pk": 70, "fields": {"name": "Can change user profile", "content_type": 18, "codename": "change_userprofile"}}, {"model": "auth.permission", "pk": 71, "fields": {"name": "Can delete user profile", "content_type": 18, "codename": "delete_userprofile"}}, {"model": "auth.permission", "pk": 72, "fields": {"name": "Can view user profile", "content_type": 18, "codename": "view_userprofile"}}, {"model": "auth.permission", "pk": 73, "fields": {"name": "Can add record", "content_type": 19, "codename": "add_record"}}, {"model": "auth.permission", "pk": 74, "fields": {"name": "Can change record", "content_type": 19, "codename": "change_record"}}, {"model": "auth.permission", "pk": 75, "fields": {"name": "Can delete record", "content_type": 19, "codename": "delete_record"}}, {"model": "auth.permission", "pk": 76, "fields": {"name": "Can view record", "content_type": 19, "codename": "view_record"}}, {"model": "auth.user", "pk": 1, "fields": {"password": "pbkdf2_sha256$260000$MkE5G4ZSUUKLPNoHMLKdLw$aRNme08jJrn1dG9XKS68lzTg0aNO6HaAbBscbt0EZXM=", "last_login": "2021-07-07T13:04:14.168Z", "is_superuser": true, "username": "koheisanno", "first_name": "", "last_name": "", "email": "kohei.sanno@gmail.com", "is_staff": true, "is_active": true, "date_joined": "2021-06-18T09:47:23.438Z", "groups": [], "user_permissions": []}}, {"model": "auth.user", "pk": 3, "fields": {"password": "!Whke8Ibsp8940pZbjXBo9IUrlrjKnqQmv1lHKjHA", "last_login": "2021-07-07T14:40:35.650Z", "is_superuser": false, "username": "sanno48632", "first_name": "Kohei", "last_name": "Sanno", "email": "sanno48632@sas.edu.sg", "is_staff": false, "is_active": true, "date_joined": "2021-06-18T10:15:37.533Z", "groups": [], "user_permissions": []}}, {"model": "auth.user", "pk": 4, "fields": {"password": "!SwO7TUox2c1BTf6bZsmDNK081tsBO6MtXnGi0bR5", "last_login": "2021-07-07T14:39:07.395Z", "is_superuser": false, "username": "hsservice", "first_name": "Executive", "last_name": "Service Council", "email": "hsservice@sas.edu.sg", "is_staff": false, "is_active": true, "date_joined": "2021-06-19T18:03:41.202Z", "groups": [], "user_permissions": []}}, {"model": "contenttypes.contenttype", "pk": 1, "fields": {"app_label": "admin", "model": "logentry"}}, {"model": "contenttypes.contenttype", "pk": 2, "fields": {"app_label": "auth", "model": "permission"}}, {"model": "contenttypes.contenttype", "pk": 3, "fields": {"app_label": "auth", "model": "group"}}, {"model": "contenttypes.contenttype", "pk": 4, "fields": {"app_label": "auth", "model": "user"}}, {"model": "contenttypes.contenttype", "pk": 5, "fields": {"app_label": "contenttypes", "model": "contenttype"}}, {"model": "contenttypes.contenttype", "pk": 6, "fields": {"app_label": "sessions", "model": "session"}}, {"model": "contenttypes.contenttype", "pk": 7, "fields": {"app_label": "sites", "model": "site"}}, {"model": "contenttypes.contenttype", "pk": 8, "fields": {"app_label": "account", "model": "emailaddress"}}, {"model": "contenttypes.contenttype", "pk": 9, "fields": {"app_label": "account", "model": "emailconfirmation"}}, {"model": "contenttypes.contenttype", "pk": 10, "fields": {"app_label": "socialaccount", "model": "socialaccount"}}, {"model": "contenttypes.contenttype", "pk": 11, "fields": {"app_label": "socialaccount", "model": "socialapp"}}, {"model": "contenttypes.contenttype", "pk": 12, "fields": {"app_label": "socialaccount", "model": "socialtoken"}}, {"model": "contenttypes.contenttype", "pk": 13, "fields": {"app_label": "authtoken", "model": "token"}}, {"model": "contenttypes.contenttype", "pk": 14, "fields": {"app_label": "authtoken", "model": "tokenproxy"}}, {"model": "contenttypes.contenttype", "pk": 15, "fields": {"app_label": "portal", "model": "club"}}, {"model": "contenttypes.contenttype", "pk": 16, "fields": {"app_label": "portal", "model": "event"}}, {"model": "contenttypes.contenttype", "pk": 17, "fields": {"app_label": "portal", "model": "tag"}}, {"model": "contenttypes.contenttype", "pk": 18, "fields": {"app_label": "portal", "model": "userprofile"}}, {"model": "contenttypes.contenttype", "pk": 19, "fields": {"app_label": "portal", "model": "record"}}, {"model": "sessions.session", "pk": "gdt49ooqf6zcej5eyfl1i1mrnqtyu6xl", "fields": {"session_data": ".eJxVjEEOwjAMBP-SM6qaJsaBG_1IZTuOUlGlEk1PiL9DUA9w3NndeZqJ9pqnfdPHNEdzNc6cfhmT3LW0gpal4Y5E1r3U7rs56q27fZKWOgvVeS3j8fpTZdpy8wBcAgCo2oSRebCI3itLHwZBVkhJRTg4AowDILF1QL07ow29p2Reb8ycPKU:1m18j5:nNNIOUqwOfZ4u6MB6nZgMJinB42cnkE_zWvSjEV2aag", "expire_date": "2021-07-21T14:40:35.658Z"}}, {"model": "sites.site", "pk": 2, "fields": {"domain": "127.0.0.1:8000", "name": "127.0.0.1:8000"}}, {"model": "portal.userprofile", "pk": 1, "fields": {"user": 3, "classOf": 2021, "firstName": "Kohei", "lastName": "Sanno", "email": "sanno48632@sas.edu.sg"}}, {"model": "portal.userprofile", "pk": 2, "fields": {"user": 4, "classOf": null, "firstName": "Executive", "lastName": "Service Council", "email": "hsservice@sas.edu.sg"}}, {"model": "portal.tag", "pk": 1, "fields": {"name": "Tag 1"}}, {"model": "portal.tag", "pk": 2, "fields": {"name": "Tag 2"}}, {"model": "portal.tag", "pk": 3, "fields": {"name": "Tag 3"}}, {"model": "portal.tag", "pk": 4, "fields": {"name": "Tag 4"}}, {"model": "portal.tag", "pk": 5, "fields": {"name": "Tag 5"}}, {"model": "portal.tag", "pk": 6, "fields": {"name": "Tag 6"}}, {"model": "portal.tag", "pk": 7, "fields": {"name": "Tag 7"}}, {"model": "portal.tag", "pk": 8, "fields": {"name": "Tag 8"}}, {"model": "portal.tag", "pk": 9, "fields": {"name": "Tag 9"}}, {"model": "portal.tag", "pk": 10, "fields": {"name": "Tag 10"}}, {"model": "portal.club", "pk": 135, "fields": {"name": "ACRES", "mission": "ACRES club is advocating for the prohibition of illegal wildlife trade and the rehabilitation of endangered species.", "description": "Default", "involvement": "default", "meeting": "default", "umbrella": "GI", "color_primary": "#37ADF6", "color_secondary": "#FFFFFF", "logo": "logos/5e5dcdbfafa1fe158f0e5f0a_5b45dcc4fb61795adc7cc951_zapier-logomark_ocb9Hg3.png", "primary_contact": 2, "members": [2, 1], "officers": [2, 1], "tags": [1, 5]}}, {"model": "portal.club", "pk": 136, "fields": {"name": "Ambition", "mission": "go cop some drip: http://ambitionclothing.net/", "description": "Default", "involvement": "default", "meeting": "default", "umbrella": "SP", "color_primary": "#AFBCE4", "color_secondary": "#000000", "logo": "", "primary_contact": null, "members": [], "officers": [], "tags": [3, 7]}}, {"model": "portal.club", "pk": 137, "fields": {"name": "Beyond Social Services", "mission": "Beyond Social Services is a club that caters to local Singaporean youths living in Government Housing by providing fun in-person activities.", "description": "Default", "involvement": "", "meeting": "", "umbrella": "PE", "color_primary": "#ffffff", "color_secondary": "#000000", "logo": "", "primary_contact": null, "members": [], "officers": [], "tags": []}}, {"model": "portal.club", "pk": 138, "fields": {"name": "Billion Bricks", "mission": "Our club aims to use next level design technology to provide innovative shelter to the homeless and vulnerable.", "description": "Default", "involvement": "default", "meeting": "default", "umbrella": "NSC", "color_primary": "#8ED2DD", "color_secondary": "#FFFFFF", "logo": "", "primary_contact": null, "members": [], "officers": [], "tags": [1, 2, 6]}}, {"model": "portal.club", "pk": 139, "fields": {"name": "Blue Planet Initiative", "mission": "Blue Planet Initiative aims to practice and promote marine conservation through direct service and indirect service.", "description": "Default", "involvement": "", "meeting": "", "umbrella": "GI", "color_primary": "#74a6ec", "color_secondary": "#000000", "logo": "", "primary_contact": null, "members": [], "officers": [], "tags": []}}, {"model": "portal.club", "pk": 140, "fields": {"name": "Butterflies for Nepal", "mission": "No mother should have to choose between bringing her children to prison, or abandoning them to the streets.", "description": "Default", "involvement": "", "meeting": "", "umbrella": "ED4ALL", "color_primary": "#00d8fe", "color_secondary": "#000000", "logo": "", "primary_contact": null, "members": [], "officers": [], "tags": []}}, {"model": "portal.club", "pk": 141, "fields": {"name": "Caring For Cambodia", "mission": "CFC believes that when people are prevented from gaining knowledge and reaching their potential, we should be there to help them.", "description": "Default", "involvement": "default", "meeting": "default", "umbrella": "PE", "color_primary": "#FF9300", "color_secondary": "#FFFFFF", "logo": "", "primary_contact": null, "members": [2, 1], "officers": [1], "tags": [8, 9, 10]}}, {"model": "portal.club", "pk": 142, "fields": {"name": "Code For All", "mission": "The mission of Code For All (CFA) is to empower the education of underprivileged students by reducing the effects of the digital divide one step at a time.", "description": "Default", "involvement": "", "meeting": "", "umbrella": "SP", "color_primary": "#0a4387", "color_secondary": "#ffffff", "logo": "", "primary_contact": null, "members": [], "officers": [], "tags": []}}, {"model": "portal.club", "pk": 143, "fields": {"name": "Daughters of Tomorrow SAS", "mission": "This service club collaborates with the local NGO Daughters of Tomorrow through direct and indirect service to support underprivileged women and their families.", "description": "Default", "involvement": "default", "meeting": "default", "umbrella": "NSC", "color_primary": "#FBB6C8", "color_secondary": "#000000", "logo": "", "primary_contact": null, "members": [], "officers": [], "tags": [1, 5, 6, 8]}}, {"model": "portal.club", "pk": 144, "fields": {"name": "Digital Citizens", "mission": "Our plan is to support young digital citizens through building connections while bringing connections.", "description": "Default", "involvement": "", "meeting": "", "umbrella": "ED4ALL", "color_primary": "#47f6fc", "color_secondary": "#000000", "logo": "", "primary_contact": null, "members": [], "officers": [], "tags": []}}, {"model": "portal.club", "pk": 145, "fields": {"name": "Digital Frontiers", "mission": "Digital Frontiers aims to provide digital service to SAS clubs and organizations through managing websites, filming/live-streaming events (IASAS), and other digital outlets.", "description": "Default", "involvement": "default", "meeting": "default", "umbrella": "SASCENTRIC", "color_primary": "#F0F0F0", "color_secondary": "#000000", "logo": "", "primary_contact": null, "members": [], "officers": [], "tags": [1, 3, 8]}}, {"model": "portal.club", "pk": 146, "fields": {"name": "EAA Help", "mission": "EAA Help Club aims to crest relationships between HS and elementary students through assisting in after-school activities.", "description": "Default", "involvement": "", "meeting": "", "umbrella": "SASCENTRIC", "color_primary": "#f7bf45", "color_secondary": "#000000", "logo": "", "primary_contact": null, "members": [], "officers": [], "tags": []}}, {"model": "portal.club", "pk": 147, "fields": {"name": "Earthcraft", "mission": "Earthcraft aims to reduce the amount of non-biological waste by recycling them to make new and useable products which will reduce the production of new wastes in the future.", "description": "Default", "involvement": "", "meeting": "", "umbrella": "GI", "color_primary": "", "color_secondary": "", "logo": "", "primary_contact": null, "members": [], "officers": [], "tags": []}}, {"model": "portal.club", "pk": 148, "fields": {"name": "ECHO", "mission": "To provide underprivileged children of Hispanic Origin the resources or means to an education and enrichment activities.", "description": "Default", "involvement": "", "meeting": "", "umbrella": "ED4ALL", "color_primary": "#ffe535", "color_secondary": "#2228e3", "logo": "", "primary_contact": null, "members": [], "officers": [], "tags": []}}, {"model": "portal.club", "pk": 149, "fields": {"name": "Eden Education Institute+", "mission": "In short, we are the masterminds behind SAS' Bingo Night!", "description": "Default", "involvement": "", "meeting": "", "umbrella": "SP", "color_primary": "#ffffff", "color_secondary": "#000000", "logo": "", "primary_contact": null, "members": [], "officers": [], "tags": []}}, {"model": "portal.club", "pk": 150, "fields": {"name": "Food From the Heart", "mission": "Food From the Heart redistributes leftover and nonperishable foods to the needy, disadvantaged families and individuals around Singapore.", "description": "Default", "involvement": "", "meeting": "", "umbrella": "PE", "color_primary": "#ffffff", "color_secondary": "#000000", "logo": "", "primary_contact": null, "members": [], "officers": [], "tags": []}}, {"model": "portal.club", "pk": 151, "fields": {"name": "Friends of Genesis", "mission": "Friends of Genesis aims to raise awareness about children with special needs in Singapore.", "description": "Default", "involvement": "", "meeting": "", "umbrella": "H4DI", "color_primary": "#a8deff", "color_secondary": "#02103b", "logo": "", "primary_contact": null, "members": [], "officers": [], "tags": []}}, {"model": "portal.club", "pk": 152, "fields": {"name": "Gawad Kalinga", "mission": "Gawad Kalinga is a Philippine-based movement that aims to reduce poverty through the building of community relationships.", "description": "Default", "involvement": "", "meeting": "", "umbrella": "PE", "color_primary": "#ffffff", "color_secondary": "#000000", "logo": "", "primary_contact": null, "members": [], "officers": [], "tags": []}}, {"model": "portal.club", "pk": 153, "fields": {"name": "Givo", "mission": "Givo mission.", "description": "Default", "involvement": "", "meeting": "", "umbrella": "SP", "color_primary": "#ffb700", "color_secondary": "#ffffff", "logo": "", "primary_contact": null, "members": [], "officers": [], "tags": []}}, {"model": "portal.club", "pk": 154, "fields": {"name": "Global Issues Network", "mission": "GIN aims to empower young people to collaborate locally, regionally, and globally in order to create sustainable solutions for global issues.", "description": "Default", "involvement": "", "meeting": "", "umbrella": "GI", "color_primary": "#47be55", "color_secondary": "#000000", "logo": "", "primary_contact": null, "members": [], "officers": [], "tags": []}}, {"model": "portal.club", "pk": 155, "fields": {"name": "Growing A Future Organization", "mission": "Growing A Future Organization (GAFO) is an Indonesia-centered service club.", "description": "Default", "involvement": "", "meeting": "", "umbrella": "PE", "color_primary": "#ffffff", "color_secondary": "#000000", "logo": "", "primary_contact": null, "members": [], "officers": [], "tags": []}}, {"model": "portal.club", "pk": 156, "fields": {"name": "Habitat for Humanity", "mission": "Habitat for Humanity focuses on improving the homes of those in need both here in Singapore and abroad.", "description": "Default", "involvement": "", "meeting": "", "umbrella": "GI", "color_primary": "#008000", "color_secondary": "#ffffff", "logo": "", "primary_contact": null, "members": [], "officers": [], "tags": []}}, {"model": "portal.club", "pk": 157, "fields": {"name": "Happiness For The Future", "mission": "This club aims to help the increasing number of elderly Singaporeans being forced into retirement after reaching a certain age.", "description": "Default", "involvement": "", "meeting": "", "umbrella": "NSC", "color_primary": "#ffffff", "color_secondary": "#000000", "logo": "", "primary_contact": null, "members": [], "officers": [], "tags": []}}, {"model": "portal.club", "pk": 158, "fields": {"name": "Hope for Heroes", "mission": "At Hope for Heroes, we work closely with the Heroes School, a small learning hub located within Yangon Childrens Hospital (in Myanmar).", "description": "Default", "involvement": "", "meeting": "", "umbrella": "H4DI", "color_primary": "#cdc4ff", "color_secondary": "#000000", "logo": "", "primary_contact": null, "members": [], "officers": [], "tags": []}}, {"model": "portal.club", "pk": 159, "fields": {"name": "International Students for Refugee Aid", "mission": "International Students for Refugee Aid (ISRA) is a service club dedicated to providing support for Rohingya refugees, particularly children, who have been impacted by the ongoing crisis in Myanmar.", "description": "Default", "involvement": "", "meeting": "", "umbrella": "GI", "color_primary": "#91c5fd", "color_secondary": "#1b1818", "logo": "", "primary_contact": null, "members": [], "officers": [], "tags": []}}, {"model": "portal.club", "pk": 160, "fields": {"name": "Leprosy Home", "mission": "Leprosy Home is a service club dedicated to serving the patients at Singapores Leprosy Relief Association.", "description": "Default", "involvement": "Default", "meeting": "Default", "umbrella": "H4DI", "color_primary": "#D9FFCA", "color_secondary": "#000000", "logo": "", "primary_contact": null, "members": [2], "officers": [2], "tags": []}}, {"model": "portal.club", "pk": 161, "fields": {"name": "Liberty in North Korea", "mission": "Liberty in North Korea (LiNK) is a global NGO that works to help relieve the North Korean refugee crisis mainly through three major ways.", "description": "Default", "involvement": "", "meeting": "", "umbrella": "GI", "color_primary": "#e03e3e", "color_secondary": "#fbf9f9", "logo": "", "primary_contact": null, "members": [], "officers": [], "tags": []}}, {"model": "portal.club", "pk": 162, "fields": {"name": "Lighthouses of IMH", "mission": "Lighthouses of IMH is a service-oriented club which seeks to spread awareness of mental health problems and remove the stigma of mental disorders.", "description": "Default", "involvement": "", "meeting": "", "umbrella": "H4DI", "color_primary": "#ffd100", "color_secondary": "#000000", "logo": "", "primary_contact": null, "members": [], "officers": [], "tags": []}}, {"model": "portal.club", "pk": 163, "fields": {"name": "Medical Suppliers for COVID-19", "mission": "", "description": "Default", "involvement": "", "meeting": "", "umbrella": "SP", "color_primary": "", "color_secondary": "", "logo": "", "primary_contact": null, "members": [], "officers": [], "tags": []}}, {"model": "portal.club", "pk": 164, "fields": {"name": "Metta Home", "mission": "Metta Home seeks to enrich the lives of the special needs residents of the Metta Home through weekly visits and various other service initiatives.", "description": "Default", "involvement": "", "meeting": "", "umbrella": "H4DI", "color_primary": "#419b6c", "color_secondary": "#000000", "logo": "", "primary_contact": null, "members": [], "officers": [], "tags": []}}, {"model": "portal.club", "pk": 165, "fields": {"name": "National Kidney Foundation", "mission": "NKF aims to help Kidney Patients in Singapore, through the forms of direct service (Volunteering at Dialysis Centers).", "description": "Default", "involvement": "", "meeting": "", "umbrella": "NSC", "color_primary": "#fc0200", "color_secondary": "#000000", "logo": "", "primary_contact": null, "members": [], "officers": [], "tags": []}}, {"model": "portal.club", "pk": 166, "fields": {"name": "Operation Smile", "mission": "Operation Smile strives to raise money to fund surgeries for children with cleft lip and palettes.", "description": "Default", "involvement": "", "meeting": "", "umbrella": "NSC", "color_primary": "#fcdd6b", "color_secondary": "#000000", "logo": "", "primary_contact": null, "members": [], "officers": [], "tags": []}}, {"model": "portal.club", "pk": 167, "fields": {"name": "Outreach Vietnam", "mission": "Our mission is to provide resources for the education, well being, and social development of impoverished children in Vietnam.", "description": "Default", "involvement": "", "meeting": "", "umbrella": "ED4ALL", "color_primary": "#80ceff", "color_secondary": "#000000", "logo": "", "primary_contact": null, "members": [], "officers": [], "tags": []}}, {"model": "portal.club", "pk": 168, "fields": {"name": "Photo Club", "mission": "", "description": "Default", "involvement": "", "meeting": "", "umbrella": "SASCENTRIC", "color_primary": "#2af100", "color_secondary": "#0025fb", "logo": "", "primary_contact": null, "members": [], "officers": [], "tags": []}}, {"model": "portal.club", "pk": 169, "fields": {"name": "Pink Project", "mission": "We are the Pink Project, a new service club at SAS focused on advocating and fundraising for women with breast cancer and the Breast Cancer Foundation in Singapore.", "description": "Default", "involvement": "", "meeting": "", "umbrella": "NSC", "color_primary": "#eea0e1", "color_secondary": "#000000", "logo": "", "primary_contact": null, "members": [], "officers": [], "tags": []}}, {"model": "portal.club", "pk": 170, "fields": {"name": "PRISM", "mission": "PRISM is a service club focused on advancing the welfare of LGBTQ+ people around the world. This semester, PRISM will focus on supporting the LGBTQ+ community here in Singapore.", "description": "Default", "involvement": "", "meeting": "", "umbrella": "GI", "color_primary": "#c791fd", "color_secondary": "#386600", "logo": "", "primary_contact": null, "members": [], "officers": [], "tags": []}}, {"model": "portal.club", "pk": 171, "fields": {"name": "Project Dignity", "mission": "", "description": "Default", "involvement": "", "meeting": "", "umbrella": "NSC", "color_primary": "#003cff", "color_secondary": "#ffffff", "logo": "", "primary_contact": null, "members": [], "officers": [], "tags": []}}, {"model": "portal.club", "pk": 172, "fields": {"name": "Project India", "mission": "", "description": "Default", "involvement": "", "meeting": "", "umbrella": "ED4ALL", "color_primary": "#fbfbff", "color_secondary": "#ffa400", "logo": "", "primary_contact": null, "members": [], "officers": [], "tags": []}}, {"model": "portal.club", "pk": 173, "fields": {"name": "Project Karuna", "mission": "", "description": "Default", "involvement": "", "meeting": "", "umbrella": "SP", "color_primary": "#ff780a", "color_secondary": "#000000", "logo": "", "primary_contact": null, "members": [], "officers": [], "tags": []}}, {"model": "portal.club", "pk": 174, "fields": {"name": "Rachel's House", "mission": "", "description": "Default", "involvement": "", "meeting": "", "umbrella": "NSC", "color_primary": "", "color_secondary": "", "logo": "", "primary_contact": null, "members": [], "officers": [], "tags": []}}, {"model": "portal.club", "pk": 175, "fields": {"name": "READ Bhutan", "mission": "", "description": "Default", "involvement": "", "meeting": "", "umbrella": "ED4ALL", "color_primary": "#ffc6b8", "color_secondary": "#030231", "logo": "", "primary_contact": null, "members": [], "officers": [], "tags": []}}, {"model": "portal.club", "pk": 176, "fields": {"name": "RISE", "mission": "", "description": "Default", "involvement": "", "meeting": "", "umbrella": "NSC", "color_primary": "#fd1717", "color_secondary": "#ffffff", "logo": "", "primary_contact": null, "members": [], "officers": [], "tags": []}}, {"model": "portal.club", "pk": 177, "fields": {"name": "Robotics Service", "mission": "", "description": "Default", "involvement": "", "meeting": "", "umbrella": "SP", "color_primary": "#ffffff", "color_secondary": "#000000", "logo": "", "primary_contact": null, "members": [], "officers": [], "tags": []}}, {"model": "portal.club", "pk": 178, "fields": {"name": "Ronald McDonald House", "mission": "RMHC aims to support the Ronald McDonald House Charities (Singapore) in improving the health and well-being of children in Singapore.", "description": "Default", "involvement": "", "meeting": "", "umbrella": "H4DI", "color_primary": "#941100", "color_secondary": "#ffffff", "logo": "", "primary_contact": null, "members": [], "officers": [], "tags": []}}, {"model": "portal.club", "pk": 179, "fields": {"name": "SAdeaf", "mission": "", "description": "Default", "involvement": "", "meeting": "", "umbrella": "NSC", "color_primary": "#efefef", "color_secondary": "#d28939", "logo": "", "primary_contact": null, "members": [], "officers": [], "tags": []}}, {"model": "portal.club", "pk": 180, "fields": {"name": "SAGE", "mission": "", "description": "Default", "involvement": "", "meeting": "", "umbrella": "NSC", "color_primary": "", "color_secondary": "", "logo": "", "primary_contact": null, "members": [], "officers": [], "tags": []}}, {"model": "portal.club", "pk": 181, "fields": {"name": "S.A.V.E.", "mission": "", "description": "Default", "involvement": "", "meeting": "", "umbrella": "GI", "color_primary": "#9cd39c", "color_secondary": "#212121", "logo": "", "primary_contact": null, "members": [], "officers": [], "tags": []}}, {"model": "portal.club", "pk": 182, "fields": {"name": "SAVH Massages", "mission": "", "description": "Default", "involvement": "", "meeting": "", "umbrella": "SP", "color_primary": "", "color_secondary": "", "logo": "", "primary_contact": null, "members": [], "officers": [], "tags": []}}, {"model": "portal.club", "pk": 183, "fields": {"name": "SEED", "mission": "SEED aims to raise awareness about and increase self-sustainability in Singapore through school-based advocacy events and urban farming via hands-on experience in the rooftop garden at SAS.", "description": "Default", "involvement": "", "meeting": "", "umbrella": "GI", "color_primary": "#009600", "color_secondary": "#fcfcfc", "logo": "", "primary_contact": null, "members": [], "officers": [], "tags": []}}, {"model": "portal.club", "pk": 184, "fields": {"name": "She's the First", "mission": "", "description": "Default", "involvement": "", "meeting": "", "umbrella": "NSC", "color_primary": "#3ed9df", "color_secondary": "#ff1e6b", "logo": "", "primary_contact": null, "members": [], "officers": [], "tags": []}}, {"model": "portal.club", "pk": 185, "fields": {"name": "South Korean Youth Society", "mission": "By focusing on the dark side of a first world country, we aim to change the lives of children by providing them with funds and experience things their fellow friends are experiencing.", "description": "Default", "involvement": "", "meeting": "", "umbrella": "PE", "color_primary": "#aad2fd", "color_secondary": "#000000", "logo": "", "primary_contact": null, "members": [], "officers": [], "tags": []}}, {"model": "portal.club", "pk": 186, "fields": {"name": "SPAR", "mission": "We function as a service club dedicated to raising awareness about animal cruelty and raising money for animal shelters. Our goal is to protect mistreated animals and to help them in any way possible.", "description": "Default", "involvement": "", "meeting": "", "umbrella": "GI", "color_primary": "#7a8cae", "color_secondary": "#b8d4ee", "logo": "", "primary_contact": null, "members": [], "officers": [], "tags": []}}, {"model": "portal.club", "pk": 187, "fields": {"name": "Special Sports", "mission": "Special Sports aims to become a source of comfort and happiness to kids with Down Syndrome through hosting weekly sessions of basketball, bowling, and swimming.", "description": "Default", "involvement": "", "meeting": "", "umbrella": "H4DI", "color_primary": "#ffffff", "color_secondary": "#000000", "logo": "", "primary_contact": null, "members": [], "officers": [], "tags": []}}, {"model": "portal.club", "pk": 188, "fields": {"name": "Spotlight on Staff", "mission": "", "description": "Default", "involvement": "", "meeting": "", "umbrella": "SASCENTRIC", "color_primary": "#fffb00", "color_secondary": "#000000", "logo": "", "primary_contact": null, "members": [], "officers": [], "tags": []}}, {"model": "portal.club", "pk": 189, "fields": {"name": "Stairway", "mission": "", "description": "Default", "involvement": "", "meeting": "", "umbrella": "GI", "color_primary": "#ff8600", "color_secondary": "#ffffff", "logo": "", "primary_contact": null, "members": [], "officers": [], "tags": []}}, {"model": "portal.club", "pk": 190, "fields": {"name": "Student Athletic Trainers", "mission": "", "description": "Default", "involvement": "", "meeting": "", "umbrella": "NSC", "color_primary": "#c2b8ff", "color_secondary": "#000000", "logo": "", "primary_contact": null, "members": [], "officers": [], "tags": []}}, {"model": "portal.club", "pk": 191, "fields": {"name": "TASSEL", "mission": "The oldest student-run consultancy @UPENN committed to empowering NGOs and social entrepreneurs in developing regions.", "description": "Penn International Impact Consulting is the oldest student-run consultancy at Penn providing pro-bono consulting services to NGOs and social entrepreneurs worldwide. We are composed of some of the brightest and most passionate globally-minded students from all four schools at the University of Pennsylvania.PIIC is committed to empowering NGOs and social entrepreneurs in developing regions through meaningful work and international on-site engagements that make it unique to Penns community. Our consultants work with NGOs and social enterprises on a diverse set of projects and deliverables throughout the school year and at the NGOs headquarters during the first month of summer.", "involvement": "We will be recruiting an incoming cohort of Associate Consultants and students from all schools and majors are welcome to apply! Be sure to like our Facebook page and visit https://penniic.org/fall-recruiting for all the info on the 2020 Recruiting Cycle including our events, video testimonials, projects, interview tips, and much more.", "meeting": "Friday lunch at H400", "umbrella": "ED4ALL", "color_primary": "#0300AD", "color_secondary": "#FFFFFF", "logo": "logos/5e5dcdbfafa1fe158f0e5f0a_5b45dcc4fb61795adc7cc951_zapier-logomark_dIrgCi9.png", "primary_contact": null, "members": [2, 1], "officers": [2, 1], "tags": []}}, {"model": "portal.club", "pk": 192, "fields": {"name": "Technical Theater", "mission": "", "description": "Default", "involvement": "", "meeting": "", "umbrella": "SASCENTRIC", "color_primary": "#000000", "color_secondary": "#f6feff", "logo": "", "primary_contact": null, "members": [], "officers": [], "tags": []}}, {"model": "portal.club", "pk": 193, "fields": {"name": "Theater Makeup", "mission": "", "description": "Default", "involvement": "", "meeting": "", "umbrella": "SASCENTRIC", "color_primary": "#a61aea", "color_secondary": "#0d0d0d", "logo": "", "primary_contact": null, "members": [], "officers": [], "tags": []}}, {"model": "portal.club", "pk": 194, "fields": {"name": "Art Beyond Differences", "mission": "We partner with a charity - called Very Special Arts- to empower people with disabilities using art of all forms.", "description": "Default", "involvement": "default", "meeting": "default", "umbrella": "NSC", "color_primary": "#9AE2DF", "color_secondary": "#307FA1", "logo": "", "primary_contact": null, "members": [], "officers": [], "tags": [4, 7, 8]}}, {"model": "portal.club", "pk": 195, "fields": {"name": "Vivace", "mission": "", "description": "Default", "involvement": "", "meeting": "", "umbrella": "H4DI", "color_primary": "#aadafd", "color_secondary": "#000000", "logo": "", "primary_contact": null, "members": [], "officers": [], "tags": []}}, {"model": "portal.club", "pk": 196, "fields": {"name": "Walk for Water", "mission": "", "description": "Default", "involvement": "", "meeting": "", "umbrella": "SP", "color_primary": "", "color_secondary": "", "logo": "", "primary_contact": null, "members": [], "officers": [], "tags": []}}, {"model": "portal.club", "pk": 197, "fields": {"name": "Willing Hearts", "mission": "", "description": "Default", "involvement": "", "meeting": "", "umbrella": "NSC", "color_primary": "#f52627", "color_secondary": "#000000", "logo": "", "primary_contact": null, "members": [], "officers": [], "tags": []}}, {"model": "portal.club", "pk": 198, "fields": {"name": "Wish for Kids", "mission": "", "description": "Default", "involvement": "", "meeting": "", "umbrella": "ED4ALL", "color_primary": "#4fa1fc", "color_secondary": "#000000", "logo": "", "primary_contact": null, "members": [], "officers": [], "tags": []}}, {"model": "portal.club", "pk": 199, "fields": {"name": "XSProject", "mission": "", "description": "Default", "involvement": "", "meeting": "", "umbrella": "GI", "color_primary": "#31bdfd", "color_secondary": "#000000", "logo": "", "primary_contact": null, "members": [], "officers": [], "tags": []}}, {"model": "portal.club", "pk": 200, "fields": {"name": "Youth Aiding China and Singapore", "mission": "", "description": "Default", "involvement": "", "meeting": "", "umbrella": "ED4ALL", "color_primary": "#fc9185", "color_secondary": "#ffeca7", "logo": "", "primary_contact": null, "members": [], "officers": [], "tags": []}}, {"model": "portal.event", "pk": 5, "fields": {"startTime": "2020-05-04T21:05:00Z", "endTime": "2020-05-04T21:05:00Z", "club": 191, "name": "111", "series": null, "location": "11", "hours": "1.00"}}, {"model": "portal.event", "pk": 6, "fields": {"startTime": "2020-05-04T21:05:00Z", "endTime": "2020-05-04T21:05:00Z", "club": 160, "name": "111", "series": null, "location": "11", "hours": "1.00"}}, {"model": "portal.event", "pk": 7, "fields": {"startTime": "2020-05-04T21:05:00Z", "endTime": "2020-05-04T21:05:00Z", "club": 160, "name": "111", "series": null, "location": "222", "hours": "2.00"}}, {"model": "portal.event", "pk": 8, "fields": {"startTime": "2020-05-04T21:05:00Z", "endTime": "2020-05-04T21:05:00Z", "club": 160, "name": "111", "series": null, "location": "222", "hours": "2.00"}}, {"model": "portal.event", "pk": 9, "fields": {"startTime": "2020-05-04T21:05:00Z", "endTime": "2020-05-04T21:05:00Z", "club": 160, "name": "111", "series": null, "location": "222", "hours": "2.00"}}, {"model": "portal.event", "pk": 10, "fields": {"startTime": "2020-05-04T21:05:00Z", "endTime": "2020-05-04T21:05:00Z", "club": 160, "name": "111", "series": null, "location": "222", "hours": "2.00"}}, {"model": "portal.event", "pk": 11, "fields": {"startTime": "2020-05-04T21:05:00Z", "endTime": "2020-05-04T21:05:00Z", "club": 191, "name": "111", "series": null, "location": "222", "hours": "2.00"}}, {"model": "portal.event", "pk": 12, "fields": {"startTime": "2020-05-04T21:05:00Z", "endTime": "2020-05-04T21:05:00Z", "club": 191, "name": "111", "series": null, "location": "222", "hours": "2.00"}}, {"model": "portal.event", "pk": 13, "fields": {"startTime": "2020-05-04T21:05:00Z", "endTime": "2020-05-04T21:05:00Z", "club": 191, "name": "111", "series": null, "location": "222", "hours": "2.00"}}, {"model": "portal.event", "pk": 14, "fields": {"startTime": "2020-05-04T21:05:00Z", "endTime": "2020-05-04T21:05:00Z", "club": 191, "name": "dd", "series": null, "location": "dd", "hours": "2.00"}}, {"model": "portal.event", "pk": 15, "fields": {"startTime": "2021-06-20T17:35:00Z", "endTime": "2021-06-20T18:35:00Z", "club": 191, "name": "eee", "series": null, "location": "eee", "hours": "1.00"}}, {"model": "portal.event", "pk": 16, "fields": {"startTime": "2021-06-20T17:40:00Z", "endTime": "2021-06-20T18:40:00Z", "club": 191, "name": "oooo", "series": "333a35bf-115e-4470-ae37-abe8e9313cc9", "location": "mm", "hours": "1.00"}}, {"model": "portal.event", "pk": 19, "fields": {"startTime": "2021-06-23T17:40:00Z", "endTime": "2021-06-23T18:40:00Z", "club": 191, "name": "oooo", "series": "333a35bf-115e-4470-ae37-abe8e9313cc9", "location": "mm", "hours": "1.00"}}, {"model": "portal.event", "pk": 20, "fields": {"startTime": "2021-06-24T17:40:00Z", "endTime": "2021-06-24T18:40:00Z", "club": 191, "name": "oooo", "series": "333a35bf-115e-4470-ae37-abe8e9313cc9", "location": "mm", "hours": "1.00"}}, {"model": "portal.event", "pk": 21, "fields": {"startTime": "2021-05-31T17:40:00Z", "endTime": "2021-05-31T18:40:00Z", "club": 191, "name": "oooo", "series": "333a35bf-115e-4470-ae37-abe8e9313cc9", "location": "mm", "hours": "7.00"}}, {"model": "portal.event", "pk": 22, "fields": {"startTime": "2021-06-26T17:40:00Z", "endTime": "2021-06-26T18:40:00Z", "club": 191, "name": "oooo", "series": "333a35bf-115e-4470-ae37-abe8e9313cc9", "location": "mm", "hours": "1.00"}}, {"model": "portal.event", "pk": 23, "fields": {"startTime": "2021-06-27T17:40:00Z", "endTime": "2021-06-27T18:40:00Z", "club": 191, "name": "oooo", "series": "333a35bf-115e-4470-ae37-abe8e9313cc9", "location": "mm", "hours": "1.00"}}, {"model": "portal.event", "pk": 24, "fields": {"startTime": "2021-06-21T16:55:00Z", "endTime": "2021-06-21T17:55:00Z", "club": 160, "name": "eeee", "series": "ac4ffb16-d095-4ed4-9043-62f80eeab83b", "location": "eee", "hours": "1.00"}}, {"model": "portal.event", "pk": 25, "fields": {"startTime": "2021-06-22T16:55:00Z", "endTime": "2021-06-22T17:55:00Z", "club": 160, "name": "eeee", "series": "ac4ffb16-d095-4ed4-9043-62f80eeab83b", "location": "eee", "hours": "1.00"}}, {"model": "portal.event", "pk": 26, "fields": {"startTime": "2021-06-23T16:55:00Z", "endTime": "2021-06-23T17:55:00Z", "club": 160, "name": "eeee", "series": "ac4ffb16-d095-4ed4-9043-62f80eeab83b", "location": "eee", "hours": "1.00"}}, {"model": "portal.event", "pk": 27, "fields": {"startTime": "2021-06-24T16:55:00Z", "endTime": "2021-06-24T17:55:00Z", "club": 160, "name": "eeee", "series": "ac4ffb16-d095-4ed4-9043-62f80eeab83b", "location": "eee", "hours": "1.00"}}, {"model": "portal.event", "pk": 28, "fields": {"startTime": "2021-06-25T16:55:00Z", "endTime": "2021-06-25T17:55:00Z", "club": 160, "name": "eeee", "series": "ac4ffb16-d095-4ed4-9043-62f80eeab83b", "location": "eee", "hours": "1.00"}}, {"model": "portal.event", "pk": 29, "fields": {"startTime": "2020-02-01T21:05:00Z", "endTime": "2020-02-01T21:05:00Z", "club": 135, "name": "dd", "series": null, "location": "dd", "hours": "2.00"}}, {"model": "portal.event", "pk": 30, "fields": {"startTime": "2021-07-06T08:21:00Z", "endTime": "2021-07-06T09:19:00Z", "club": 135, "name": "test", "series": null, "location": "fff", "hours": "1.00"}}, {"model": "portal.event", "pk": 31, "fields": {"startTime": "2021-07-06T14:29:00Z", "endTime": "2021-07-06T15:29:00Z", "club": 191, "name": "mmmm", "series": "e6e688a4-e13c-4f3e-b87c-01cf080b94ae", "location": "mm", "hours": "1.00"}}, {"model": "portal.event", "pk": 41, "fields": {"startTime": "2021-07-07T14:05:00Z", "endTime": "2021-07-07T15:05:00Z", "club": 141, "name": "rrr", "series": "5d1c7b22-730e-4e67-a727-528cf5b883bc", "location": "rr", "hours": "1.00"}}, {"model": "portal.event", "pk": 42, "fields": {"startTime": "2021-07-08T14:05:00Z", "endTime": "2021-07-08T15:05:00Z", "club": 141, "name": "rrr", "series": "5d1c7b22-730e-4e67-a727-528cf5b883bc", "location": "rr", "hours": "1.00"}}, {"model": "portal.event", "pk": 43, "fields": {"startTime": "2021-07-09T14:05:00Z", "endTime": "2021-07-09T15:05:00Z", "club": 141, "name": "rrr", "series": "5d1c7b22-730e-4e67-a727-528cf5b883bc", "location": "rr", "hours": "1.00"}}, {"model": "portal.event", "pk": 44, "fields": {"startTime": "2021-07-10T14:05:00Z", "endTime": "2021-07-10T15:05:00Z", "club": 141, "name": "rrr", "series": "5d1c7b22-730e-4e67-a727-528cf5b883bc", "location": "rr", "hours": "1.00"}}, {"model": "portal.event", "pk": 45, "fields": {"startTime": "2021-07-11T14:05:00Z", "endTime": "2021-07-11T15:05:00Z", "club": 141, "name": "rrr", "series": "5d1c7b22-730e-4e67-a727-528cf5b883bc", "location": "rr", "hours": "1.00"}}, {"model": "portal.event", "pk": 46, "fields": {"startTime": "2021-07-12T14:05:00Z", "endTime": "2021-07-12T15:05:00Z", "club": 141, "name": "rrr", "series": "5d1c7b22-730e-4e67-a727-528cf5b883bc", "location": "rr", "hours": "1.00"}}, {"model": "portal.event", "pk": 47, "fields": {"startTime": "2021-07-13T14:05:00Z", "endTime": "2021-07-13T15:05:00Z", "club": 141, "name": "rrr", "series": "5d1c7b22-730e-4e67-a727-528cf5b883bc", "location": "rr", "hours": "1.00"}}, {"model": "portal.event", "pk": 48, "fields": {"startTime": "2021-07-14T14:05:00Z", "endTime": "2021-07-14T15:05:00Z", "club": 141, "name": "rrr", "series": "5d1c7b22-730e-4e67-a727-528cf5b883bc", "location": "rr", "hours": "1.00"}}, {"model": "portal.event", "pk": 49, "fields": {"startTime": "2021-07-15T14:05:00Z", "endTime": "2021-07-15T15:05:00Z", "club": 141, "name": "rrr", "series": "5d1c7b22-730e-4e67-a727-528cf5b883bc", "location": "rr", "hours": "1.00"}}, {"model": "portal.event", "pk": 50, "fields": {"startTime": "2021-07-16T14:05:00Z", "endTime": "2021-07-16T15:05:00Z", "club": 141, "name": "rrr", "series": "5d1c7b22-730e-4e67-a727-528cf5b883bc", "location": "rr", "hours": "1.00"}}, {"model": "portal.event", "pk": 51, "fields": {"startTime": "2021-07-17T14:05:00Z", "endTime": "2021-07-17T15:05:00Z", "club": 141, "name": "rrr", "series": "5d1c7b22-730e-4e67-a727-528cf5b883bc", "location": "rr", "hours": "1.00"}}, {"model": "portal.event", "pk": 52, "fields": {"startTime": "2021-07-18T14:05:00Z", "endTime": "2021-07-18T15:05:00Z", "club": 141, "name": "rrr", "series": "5d1c7b22-730e-4e67-a727-528cf5b883bc", "location": "rr", "hours": "1.00"}}, {"model": "portal.event", "pk": 53, "fields": {"startTime": "2021-07-19T14:05:00Z", "endTime": "2021-07-19T15:05:00Z", "club": 141, "name": "rrr", "series": "5d1c7b22-730e-4e67-a727-528cf5b883bc", "location": "rr", "hours": "1.00"}}, {"model": "portal.event", "pk": 54, "fields": {"startTime": "2021-07-20T14:05:00Z", "endTime": "2021-07-20T15:05:00Z", "club": 141, "name": "rrr", "series": "5d1c7b22-730e-4e67-a727-528cf5b883bc", "location": "rr", "hours": "1.00"}}, {"model": "portal.event", "pk": 55, "fields": {"startTime": "2021-07-21T14:05:00Z", "endTime": "2021-07-21T15:05:00Z", "club": 141, "name": "rrr", "series": "5d1c7b22-730e-4e67-a727-528cf5b883bc", "location": "rr", "hours": "1.00"}}, {"model": "portal.event", "pk": 56, "fields": {"startTime": "2021-07-22T14:05:00Z", "endTime": "2021-07-22T15:05:00Z", "club": 141, "name": "rrr", "series": "5d1c7b22-730e-4e67-a727-528cf5b883bc", "location": "rr", "hours": "1.00"}}, {"model": "portal.record", "pk": 1, "fields": {"checkInDate": "2021-06-21", "name": "", "club": 191, "event": 11, "user": 1, "hours": "2.00"}}, {"model": "portal.record", "pk": 2, "fields": {"checkInDate": "2021-06-21", "name": "", "club": 160, "event": 8, "user": 1, "hours": "2.00"}}, {"model": "portal.record", "pk": 9, "fields": {"checkInDate": "2020-05-05", "name": "111", "club": 191, "event": 19, "user": 1, "hours": "1.00"}}, {"model": "portal.record", "pk": 10, "fields": {"checkInDate": "2021-06-22", "name": "", "club": 191, "event": 5, "user": 1, "hours": "1.00"}}, {"model": "portal.record", "pk": 11, "fields": {"checkInDate": "2021-07-02", "name": null, "club": 135, "event": 30, "user": 2, "hours": "1.00"}}, {"model": "portal.record", "pk": 12, "fields": {"checkInDate": "2021-07-02", "name": null, "club": 135, "event": 30, "user": 1, "hours": "4.00"}}, {"model": "portal.record", "pk": 13, "fields": {"checkInDate": "2021-07-06", "name": "eee", "club": 135, "event": null, "user": 1, "hours": "5.00"}}, {"model": "portal.record", "pk": 14, "fields": {"checkInDate": "2021-07-03", "name": null, "club": 141, "event": 41, "user": 1, "hours": "1.00"}}, {"model": "portal.record", "pk": 15, "fields": {"checkInDate": "2021-07-03", "name": null, "club": 141, "event": 41, "user": 2, "hours": "1.00"}}, {"model": "portal.record", "pk": 16, "fields": {"checkInDate": "2021-07-03", "name": null, "club": 141, "event": 42, "user": 2, "hours": "1.00"}}, {"model": "portal.record", "pk": 17, "fields": {"checkInDate": "2021-07-03", "name": null, "club": 141, "event": 42, "user": 1, "hours": "1.00"}}, {"model": "portal.record", "pk": 18, "fields": {"checkInDate": "2021-07-03", "name": null, "club": 141, "event": 43, "user": 2, "hours": "1.00"}}, {"model": "portal.record", "pk": 19, "fields": {"checkInDate": "2021-07-03", "name": null, "club": 141, "event": 43, "user": 1, "hours": "1.00"}}, {"model": "portal.record", "pk": 20, "fields": {"checkInDate": "2021-07-03", "name": null, "club": 141, "event": 44, "user": 1, "hours": "1.00"}}, {"model": "portal.record", "pk": 21, "fields": {"checkInDate": "2021-07-03", "name": null, "club": 141, "event": 44, "user": 2, "hours": "1.00"}}, {"model": "portal.record", "pk": 22, "fields": {"checkInDate": "2021-07-08", "name": "ddd", "club": 135, "event": null, "user": 2, "hours": "3.00"}}, {"model": "portal.record", "pk": 23, "fields": {"checkInDate": "2021-07-08", "name": "ff", "club": 141, "event": null, "user": 2, "hours": "1.00"}}, {"model": "account.emailaddress", "pk": 2, "fields": {"user": 3, "email": "sanno48632@sas.edu.sg", "verified": true, "primary": true}}, {"model": "account.emailaddress", "pk": 3, "fields": {"user": 4, "email": "hsservice@sas.edu.sg", "verified": true, "primary": true}}, {"model": "socialaccount.socialapp", "pk": 1, "fields": {"provider": "google", "name": "SAS Service Portal", "client_id": "71489399771-roj124v45nniirilskuv213kjf2upv27.apps.googleusercontent.com", "secret": "mSBoGSFLDq9hF3DmVo4MC7u6", "key": "", "sites": [2]}}, {"model": "socialaccount.socialaccount", "pk": 2, "fields": {"user": 3, "provider": "google", "uid": "107061480681095945900", "last_login": "2021-07-07T14:40:35.627Z", "date_joined": "2021-06-18T10:15:37.574Z", "extra_data": "{\"id\": \"107061480681095945900\", \"email\": \"sanno48632@sas.edu.sg\", \"verified_email\": true, \"name\": \"Kohei Sanno\", \"given_name\": \"Kohei\", \"family_name\": \"Sanno\", \"picture\": \"https://lh3.googleusercontent.com/a/AATXAJzvb596O07YklwKXz_kYYtCTKUEPlFrM-tcijiOOQ=s96-c\", \"locale\": \"en\", \"hd\": \"sas.edu.sg\"}"}}, {"model": "socialaccount.socialaccount", "pk": 3, "fields": {"user": 4, "provider": "google", "uid": "109234743907034734179", "last_login": "2021-07-07T14:39:07.354Z", "date_joined": "2021-06-19T18:03:41.220Z", "extra_data": "{\"id\": \"109234743907034734179\", \"email\": \"hsservice@sas.edu.sg\", \"verified_email\": true, \"name\": \"Executive Service Council\", \"given_name\": \"Executive\", \"family_name\": \"Service Council\", \"link\": \"https://plus.google.com/109234743907034734179\", \"picture\": \"https://lh3.googleusercontent.com/a-/AOh14GjiXARhvqlspNSAUwLWxi4ZVKy1YGgnAU477aZTvw=s96-c\", \"locale\": \"en\", \"hd\": \"sas.edu.sg\"}"}}, {"model": "socialaccount.socialtoken", "pk": 2, "fields": {"app": 1, "account": 2, "token": "ya29.a0ARrdaM8e3SVmT1DPvAXI0HPiAXyME7jG-N2T8YZUVCOyuqMaYnbIg1Rh1Ng8Uw4TtRWqpjPNVz1s3txufSp06xnVWcL7C2jqZBGC8PDfEbiCq9E14ii5PZmwxS_D3btEVhjfLAbPQvHPLybEzKHy2fDVblOTmC0", "token_secret": "", "expires_at": "2021-07-07T15:40:34.150Z"}}, {"model": "socialaccount.socialtoken", "pk": 3, "fields": {"app": 1, "account": 3, "token": "ya29.a0ARrdaM9SwCq1y7HgEazvAFxSO_FyYZV9xZ0-pwDR_6KaIaV0FMiEPZRDauQJiCfudsPF8XXQTby-Zl_X9pUXtxAHk8aCQ7cQGdhvCDdWHW9hhHsweB0i66q6vMKZyL5pPWEPVPYcNZBOIYyxjcqFSVH0phn4h4E", "token_secret": "", "expires_at": "2021-07-07T15:39:05.363Z"}}]